{
  "totalChecked": 316,
  "existing": 288,
  "missing": 28,
  "missingCities": [
    {
      "name": "Prescott Valley",
      "slug": "prescott-valley-arizona",
      "state": "Arizona",
      "pop": "48K+"
    },
    {
      "name": "Sierra Vista",
      "slug": "sierra-vista-arizona",
      "state": "Arizona",
      "pop": "45K+"
    },
    {
      "name": "Boulder City",
      "slug": "boulder-city-nevada",
      "state": "Nevada",
      "pop": "15K+"
    },
    {
      "name": "Elko",
      "slug": "elko-nevada",
      "state": "Nevada",
      "pop": "20K+"
    },
    {
      "name": "Fallon",
      "slug": "fallon-nevada",
      "state": "Nevada",
      "pop": "9K+"
    },
    {
      "name": "Fernley",
      "slug": "fernley-nevada",
      "state": "Nevada",
      "pop": "25K+"
    },
    {
      "name": "Mesquite",
      "slug": "mesquite-nevada",
      "state": "Nevada",
      "pop": "20K+"
    },
    {
      "name": "Auburn",
      "slug": "auburn-washington",
      "state": "Washington",
      "pop": "90K+"
    },
    {
      "name": "Bothell",
      "slug": "bothell-washington",
      "state": "Washington",
      "pop": "48K+"
    },
    {
      "name": "Burien",
      "slug": "burien-washington",
      "state": "Washington",
      "pop": "52K+"
    },
    {
      "name": "Edmonds",
      "slug": "edmonds-washington",
      "state": "Washington",
      "pop": "42K+"
    },
    {
      "name": "Federal Way",
      "slug": "federal-way-washington",
      "state": "Washington",
      "pop": "100K+"
    },
    {
      "name": "Kennewick",
      "slug": "kennewick-washington",
      "state": "Washington",
      "pop": "85K+"
    },
    {
      "name": "Lakewood",
      "slug": "lakewood-washington",
      "state": "Washington",
      "pop": "63K+"
    },
    {
      "name": "Lynnwood",
      "slug": "lynnwood-washington",
      "state": "Washington",
      "pop": "40K+"
    },
    {
      "name": "Marysville",
      "slug": "marysville-washington",
      "state": "Washington",
      "pop": "72K+"
    },
    {
      "name": "Mount Vernon",
      "slug": "mount-vernon-washington",
      "state": "Washington",
      "pop": "36K+"
    },
    {
      "name": "Pasco",
      "slug": "pasco-washington",
      "state": "Washington",
      "pop": "75K+"
    },
    {
      "name": "Pullman",
      "slug": "pullman-washington",
      "state": "Washington",
      "pop": "33K+"
    },
    {
      "name": "Redmond",
      "slug": "redmond-washington",
      "state": "Washington",
      "pop": "75K+"
    },
    {
      "name": "Richland",
      "slug": "richland-washington",
      "state": "Washington",
      "pop": "60K+"
    },
    {
      "name": "Shoreline",
      "slug": "shoreline-washington",
      "state": "Washington",
      "pop": "58K+"
    },
    {
      "name": "Spokane Valley",
      "slug": "spokane-valley-washington",
      "state": "Washington",
      "pop": "105K+"
    },
    {
      "name": "Wenatchee",
      "slug": "wenatchee-washington",
      "state": "Washington",
      "pop": "35K+"
    },
    {
      "name": "Corvallis",
      "slug": "corvallis-oregon",
      "state": "Oregon",
      "pop": "60K+"
    },
    {
      "name": "Keizer",
      "slug": "keizer-oregon",
      "state": "Oregon",
      "pop": "40K+"
    },
    {
      "name": "Springfield",
      "slug": "springfield-oregon",
      "state": "Oregon",
      "pop": "62K+"
    },
    {
      "name": "Tigard",
      "slug": "tigard-oregon",
      "state": "Oregon",
      "pop": "55K+"
    }
  ],
  "missingByState": {
    "Arizona": [
      {
        "name": "Prescott Valley",
        "slug": "prescott-valley-arizona",
        "state": "Arizona",
        "pop": "48K+"
      },
      {
        "name": "Sierra Vista",
        "slug": "sierra-vista-arizona",
        "state": "Arizona",
        "pop": "45K+"
      }
    ],
    "Nevada": [
      {
        "name": "Boulder City",
        "slug": "boulder-city-nevada",
        "state": "Nevada",
        "pop": "15K+"
      },
      {
        "name": "Elko",
        "slug": "elko-nevada",
        "state": "Nevada",
        "pop": "20K+"
      },
      {
        "name": "Fallon",
        "slug": "fallon-nevada",
        "state": "Nevada",
        "pop": "9K+"
      },
      {
        "name": "Fernley",
        "slug": "fernley-nevada",
        "state": "Nevada",
        "pop": "25K+"
      },
      {
        "name": "Mesquite",
        "slug": "mesquite-nevada",
        "state": "Nevada",
        "pop": "20K+"
      }
    ],
    "Washington": [
      {
        "name": "Auburn",
        "slug": "auburn-washington",
        "state": "Washington",
        "pop": "90K+"
      },
      {
        "name": "Bothell",
        "slug": "bothell-washington",
        "state": "Washington",
        "pop": "48K+"
      },
      {
        "name": "Burien",
        "slug": "burien-washington",
        "state": "Washington",
        "pop": "52K+"
      },
      {
        "name": "Edmonds",
        "slug": "edmonds-washington",
        "state": "Washington",
        "pop": "42K+"
      },
      {
        "name": "Federal Way",
        "slug": "federal-way-washington",
        "state": "Washington",
        "pop": "100K+"
      },
      {
        "name": "Kennewick",
        "slug": "kennewick-washington",
        "state": "Washington",
        "pop": "85K+"
      },
      {
        "name": "Lakewood",
        "slug": "lakewood-washington",
        "state": "Washington",
        "pop": "63K+"
      },
      {
        "name": "Lynnwood",
        "slug": "lynnwood-washington",
        "state": "Washington",
        "pop": "40K+"
      },
      {
        "name": "Marysville",
        "slug": "marysville-washington",
        "state": "Washington",
        "pop": "72K+"
      },
      {
        "name": "Mount Vernon",
        "slug": "mount-vernon-washington",
        "state": "Washington",
        "pop": "36K+"
      },
      {
        "name": "Pasco",
        "slug": "pasco-washington",
        "state": "Washington",
        "pop": "75K+"
      },
      {
        "name": "Pullman",
        "slug": "pullman-washington",
        "state": "Washington",
        "pop": "33K+"
      },
      {
        "name": "Redmond",
        "slug": "redmond-washington",
        "state": "Washington",
        "pop": "75K+"
      },
      {
        "name": "Richland",
        "slug": "richland-washington",
        "state": "Washington",
        "pop": "60K+"
      },
      {
        "name": "Shoreline",
        "slug": "shoreline-washington",
        "state": "Washington",
        "pop": "58K+"
      },
      {
        "name": "Spokane Valley",
        "slug": "spokane-valley-washington",
        "state": "Washington",
        "pop": "105K+"
      },
      {
        "name": "Wenatchee",
        "slug": "wenatchee-washington",
        "state": "Washington",
        "pop": "35K+"
      }
    ],
    "Oregon": [
      {
        "name": "Corvallis",
        "slug": "corvallis-oregon",
        "state": "Oregon",
        "pop": "60K+"
      },
      {
        "name": "Keizer",
        "slug": "keizer-oregon",
        "state": "Oregon",
        "pop": "40K+"
      },
      {
        "name": "Springfield",
        "slug": "springfield-oregon",
        "state": "Oregon",
        "pop": "62K+"
      },
      {
        "name": "Tigard",
        "slug": "tigard-oregon",
        "state": "Oregon",
        "pop": "55K+"
      }
    ]
  }
}