aberdeen-south-dakota
aberdeen-washington
abilene-texas
adams-morgan-washington-dc
addison-illinois
adelanto-california
agoura-hills-california
aiken-south-carolina
akron-ohio
alameda-california
albany-california
albany-georgia
albany-new-york
albany-oregon
albertville-alabama
albuquerque-new-mexico
alexander-city-alabama
alexandria-louisiana
alexandria-virginia
alhambra-california
aliso-viejo-california
allen-texas
allentown-pennsylvania
alliance-ohio
alpharetta-georgia
altadena-california
altamonte-springs-florida
altoona-pennsylvania
amarillo-texas
americus-georgia
ames-iowa
amherst-new-york
anacortes-washington
anaheim-california
anchorage-alaska
andalusia-alabama
anderson-indiana
anderson-south-carolina
annapolis-maryland
ann-arbor-michigan
anniston-alabama
antioch-california
apache-junction-arizona
apopka-florida
appleton-wisconsin
apple-valley-california
arab-alabama
arcadia-california
arkansas-city-kansas
arlington-heights-illinois
arlington-texas
arlington-virginia
arroyo-grande-california
arvada-colorado
arvin-california
asheville-north-carolina
ashland-kentucky
ashland-oregon
ashtabula-ohio
aspen-colorado
atascadero-california
atchison-kansas
athens-alabama
athens-georgia
athens-ohio
atherton-california
atlanta-georgia
atmore-alabama
attalla-alabama
atwater-california
auburn-alabama
auburn-maine
auburn-new-york
auburn-washington
augusta-georgia
augusta-maine
aurora-colorado
aurora-illinois
austin-texas
aventura-florida
avondale-arizona
azusa-california
bakersfield-california
baldwin-park-california
baltimore-maryland
bangor-maine
banning-california
barberton-ohio
barnstable-massachusetts
barre-vermont
barstow-california
bartlett-illinois
bartlett-tennessee
batavia-new-york
batesville-arkansas
baton-rouge-louisiana
battle-creek-michigan
bay-city-michigan
bay-minette-alabama
bayonne-new-jersey
baytown-texas
bear-delaware
beaumont-california
beaumont-texas
beavercreek-ohio
beaverton-oregon
bedford-texas
bell-california
bellefontaine-ohio
belleville-illinois
bellevue-nebraska
bellevue-washington
bellflower-california
bell-gardens-california
bellingham-washington
belmont-california
bend-oregon
benicia-california
benton-arkansas
benton-harbor-michigan
bentonville-arkansas
berkeley-california
berwyn-illinois
bessemer-alabama
bethesda-maryland
bethlehem-pennsylvania
beverly-hills-california
biddeford-maine
billings-montana
biloxi-mississippi
binghamton-new-york
birmingham-alabama
birmingham-michigan
bisbee-arizona
bishop-california
bismarck-north-dakota
bloomfield-hills-michigan
bloomington-illinois
bloomington-indiana
bloomington-minnesota
blue-springs-missouri
blytheville-arkansas
boaz-alabama
boca-raton-florida
boise-idaho
bolingbrook-illinois
bossier-city-louisiana
boston-massachusetts
bothell-washington
boulder-city-nevada
boulder-colorado
bowie-maryland
bowling-green-kentucky
bowling-green-ohio
boynton-beach-florida
bozeman-montana
bradenton-florida
brawley-california
brea-california
bremerton-washington
brentwood-tennessee
brewton-alabama
bridgeport-connecticut
bristol-connecticut
brockton-massachusetts
broken-arrow-oklahoma
brookline-massachusetts
brooklyn-park-minnesota
broomfield-colorado
brownsville-texas
brunswick-georgia
bryan-texas
buckeye-arizona
buena-park-california
buffalo-grove-illinois
buffalo-new-york
bullhead-city-arizona
burbank-california
burien-washington
burleson-texas
burlingame-california
burlington-north-carolina
burlington-vermont
burnsville-minnesota
butler-pennsylvania
butte-montana
cabot-arkansas
caldwell-idaho
calexico-california
calimesa-california
camarillo-california
cambridge-massachusetts
camden-arkansas
camden-new-jersey
campbell-california
camp-verde-arizona
canandaigua-new-york
canton-illinois
canton-michigan
canton-new-york
canton-ohio
cape-coral-florida
cape-girardeau-missouri
capitola-california
capitol-hill-washington-dc
carbondale-illinois
carlsbad-california
carlsbad-new-mexico
carmel-california
carmel-indiana
carol-stream-illinois
carpentersville-illinois
carpinteria-california
carrollton-georgia
carrollton-texas
carson-california
carson-city-nevada
cary-north-carolina
casa-grande-arizona
casper-wyoming
casselberry-florida
castle-rock-colorado
castro-valley-california
cathedral-city-california
cedar-falls-iowa
cedar-park-texas
cedar-rapids-iowa
centennial-colorado
centerville-ohio
central-falls-rhode-island
centralia-washington
centre-alabama
ceres-california
cerritos-california
chambersburg-pennsylvania
champaign-illinois
champaign-urbana-illinois
chandler-arizona
chanute-kansas
chapel-hill-north-carolina
charleston-south-carolina
charleston-west-virginia
charlotte-north-carolina
charlottesville-virginia
chattanooga-tennessee
cheney-washington
cherry-hill-new-jersey
chesapeake-virginia
chester-pennsylvania
cheyenne-wyoming
chicago-illinois
chico-california
chicopee-massachusetts
chillicothe-ohio
chino-california
chino-hills-california
chino-valley-arizona
chula-vista-california
cicero-illinois
cincinnati-ohio
citrus-heights-california
clanton-alabama
claremont-california
clarksville-tennessee
clayton-california
clearlake-california
clearwater-florida
cleburne-texas
clermont-florida
cleveland-ohio
clifton-new-jersey
cloverdale-california
clovis-california
clovis-new-mexico
coachella-california
coatesville-pennsylvania
cocoa-florida
coconut-creek-florida
coeur-dalene-idaho
coeur-d-alene-idaho
coffeyville-kansas
college-park-maryland
college-station-texas
collierville-tennessee
colorado-springs-colorado
colton-california
columbia-maryland
columbia-missouri
columbia-pennsylvania
columbia-south-carolina
columbus-georgia
columbus-mississippi
columbus-ohio
colusa-california
commerce-city-colorado
compton-california
concord-california
concord-new-hampshire
concord-north-carolina
conroe-texas
conway-arkansas
conway-south-carolina
coolidge-arizona
coon-rapids-minnesota
coppell-texas
coral-gables-florida
coral-springs-florida
corcoran-california
corona-california
coronado-california
corpus-christi-texas
corry-pennsylvania
corsicana-texas
corte-madera-california
cortland-new-york
corvallis-oregon
costa-mesa-california
cottonwood-arizona
council-bluffs-iowa
covina-california
covington-kentucky
cranston-rhode-island
crestview-florida
crystal-lake-illinois
cudahy-california
cullman-alabama
culver-city-california
cupertino-california
cutler-bay-florida
cuyahoga-falls-ohio
cypress-california
dakota
dallas-texas
dalton-georgia
daly-city-california
danbury-connecticut
dania-beach-florida
danville-california
danville-illinois
davenport-iowa
davie-florida
davis-california
daytona-beach-florida
dayton-ohio
dearborn-michigan
decatur-alabama
decatur-georgia
decatur-illinois
deerfield-beach-florida
dekalb-illinois
deland-florida
delano-california
delaware-ohio
delray-beach-florida
deltona-florida
demopolis-alabama
denton-texas
denver-colorado
derry-new-hampshire
desert-hot-springs-california
des-moines-iowa
des-moines-washington
desoto-texas
des-plaines-illinois
detroit-michigan
diamond-bar-california
dickinson-north-dakota
dinuba-california
dixon-california
dodge-city-kansas
doral-florida
dothan-alabama
douglas-arizona
douglas-georgia
douglasville-georgia
dover-delaware
dover-new-hampshire
downers-grove-illinois
downey-california
downtown-washington-dc
duarte-california
dublin-california
dublin-georgia
dubois-pennsylvania
dubuque-iowa
duluth-minnesota
duncanville-texas
dunedin-florida
dupont-circle-washington-dc
durango-colorado
durham-north-carolina
eagan-minnesota
east-greenwich-rhode-island
east-lansing-michigan
east-los-angeles-california
easton-pennsylvania
east-orange-new-jersey
east-palo-alto-california
east-providence-rhode-island
eau-claire-wisconsin
eden-prairie-minnesota
edgewater-florida
edina-minnesota
edinburg-texas
edison-new-jersey
edmond-oklahoma
edmonds-washington
el-cajon-california
el-centro-california
el-cerrito-california
el-dorado-arkansas
elgin-illinois
elizabeth-new-jersey
elizabethtown-kentucky
elk-grove-california
elkhart-indiana
elko-nevada
ellensburg-washington
elmhurst-illinois
elmira-new-york
el-monte-california
el-paso-texas
el-segundo-california
elsmere-delaware
elyria-ohio
emeryville-california
encinitas-california
enfield-connecticut
englewood-colorado
englewood-florida
enid-oklahoma
enterprise-alabama
enterprise-nevada
enumclaw-washington
erie-pennsylvania
escondido-california
essex-junction-vermont
essex-vermont
eufaula-alabama
eugene-oregon
euless-texas
eureka-california
eustis-florida
evanston-illinois
evanston-wyoming
evansville-indiana
everett-washington
ewa-beach-hawaii
exeter-california
fairbanks-alaska
fairborn-ohio
fairfield-california
fairhope-alabama
fairmont-west-virginia
fallon-nevada
fall-river-massachusetts
fargo-north-dakota
farmers-branch-texas
farmersville-california
farmington-hills-michigan
farmington-new-mexico
fayetteville-arkansas
fayetteville-north-carolina
federal-way-washington
fernandina-beach-florida
fernley-nevada
findlay-ohio
flagstaff-arizona
flint-michigan
florence-alabama
florence-arizona
florence-kentucky
florence-south-carolina
florissant-missouri
flower-mound-texas
foley-alabama
folsom-california
fond-du-lac-wisconsin
fontana-california
forrest-city-arkansas
fort-bragg-california
fort-collins-colorado
fort-lauderdale-florida
fort-myers-florida
fort-payne-alabama
fort-pierce-florida
fort-scott-kansas
fort-smith-arkansas
fort-walton-beach-florida
fort-wayne-indiana
fort-worth-texas
foster-city-california
fountain-valley-california
framingham-massachusetts
frankfort-kentucky
franklin-tennessee
frederick-maryland
freeport-illinois
fremont-california
fremont-nebraska
fresno-california
friendswood-texas
frisco-texas
fullerton-california
gadsden-alabama
gahanna-ohio
gainesville-florida
gainesville-georgia
gaithersburg-maryland
galesburg-illinois
gallup-new-mexico
galt-california
galveston-texas
gardena-california
garden-city-kansas
garden-grove-california
garland-texas
gary-indiana
gastonia-north-carolina
geneva-new-york
georgetown-delaware
georgetown-kentucky
georgetown-texas
georgetown-washington-dc
germantown-maryland
germantown-tennessee
gettysburg-pennsylvania
gilbert-arizona
gillette-wyoming
gilroy-california
glendale-arizona
glendale-california
glendora-california
glens-falls-new-york
glenview-illinois
glenwood-springs-colorado
globe-arizona
gloversville-new-york
goldsboro-north-carolina
goleta-california
gonzales-california
goodyear-arizona
goose-creek-south-carolina
grand-forks-north-dakota
grand-island-nebraska
grand-junction-colorado
grand-prairie-texas
grand-rapids-michigan
grand-terrace-california
grapevine-texas
grass-valley-california
great-bend-kansas
great-falls-montana
greeley-colorado
greenacres-florida
green-bay-wisconsin
greenfield-california
greensboro-north-carolina
greensburg-pennsylvania
greenville-alabama
greenville-mississippi
greenville-north-carolina
greenville-south-carolina
greenville-texas
gresham-oregon
gretna-louisiana
griffin-georgia
grove-city-ohio
grover-beach-california
groves-texas
gulf-breeze-florida
gulfport-mississippi
guntersville-alabama
gurnee-illinois
hackensack-new-jersey
hagerstown-maryland
haines-city-florida
half-moon-bay-california
hallandale-beach-florida
haltom-city-texas
hamden-connecticut
hamilton-ohio
hammond-indiana
hammond-louisiana
hampshire
hampton-virginia
hanford-california
hanover-park-illinois
harlingen-texas
harrisburg-pennsylvania
harrison-arkansas
hartford-connecticut
hartselle-alabama
harvey-illinois
hastings-nebraska
hattiesburg-mississippi
haverhill-massachusetts
havre-montana
hawaiian-gardens-california
hawthorne-california
hayward-california
hazleton-pennsylvania
healdsburg-california
helena-arkansas
helena-montana
hemet-california
henderson-nevada
henderson-texas
hercules-california
hermosa-beach-california
hesperia-california
hewitt-texas
hialeah-florida
hialeah-gardens-florida
hickory-north-carolina
hidalgo-texas
highland-california
highland-park-illinois
highland-village-texas
high-point-north-carolina
hilliard-ohio
hillsboro-oregon
hillsboro-texas
hilo-hawaii
hilton-head-island-south-carolina
hobbs-new-mexico
hoboken-new-jersey
hoffman-estates-illinois
hollister-california
hollywood-florida
homer-alaska
homestead-florida
homewood-alabama
honolulu-hawaii
hoover-alabama
hope-arkansas
hopkinsville-kentucky
hornell-new-york
hot-springs-arkansas
houma-louisiana
houston-texas
huber-heights-ohio
hudson-florida
humble-texas
huntington-beach-california
huntington-park-california
huntington-west-virginia
huntsville-alabama
huntsville-texas
hurst-texas
hutchinson-kansas
idaho-falls-idaho
illinoi-
immokalee-florida
imperial-beach-california
independence-missouri
indianapolis-indiana
indio-california
inglewood-california
iola-kansas
iowa-city-iowa
irvine-california
irving-texas
island
isleton-california
issaquah-washington
ithaca-new-york
jackson-alabama
jackson-california
jackson-michigan
jackson-mississippi
jackson-tennessee
jacksonville-beach-florida
jacksonville-florida
jacksonville-north-carolina
jacksonville-texas
jamestown-new-york
jamestown-north-dakota
janesville-wisconsin
jasper-alabama
jefferson-city-missouri
jersey
jersey-city-new-jersey
johnson-city-tennessee
johnstown-pennsylvania
joliet-illinois
jonesboro-arkansas
joplin-missouri
juneau-alaska
jupiter-florida
jurupa-valley-california
kahului-hawaii
kailua-hawaii
kalamazoo-michigan
kalispell-montana
kaneohe-hawaii
kankakee-illinois
kannapolis-north-carolina
kansas-city-kansas
kansas-city-missouri
katy-texas
kearney-nebraska
kearny-new-jersey
keene-new-hampshire
keizer-oregon
keller-texas
kenai-alaska
kenner-louisiana
kennesaw-georgia
kennewick-washington
kenosha-wisconsin
kent-washington
kentwood-michigan
ketchikan-alaska
kettering-ohio
key-west-florida
kihei-hawaii
killeen-texas
kingman-arizona
kingsport-tennessee
kingston-new-york
kingsville-texas
kirkland-washington
kissimmee-florida
klamath-falls-oregon
knoxville-tennessee
kodiak-alaska
kokomo-indiana
kyle-texas
la-canada-flintridge-california
lacey-washington
la-crosse-wisconsin
lady-lake-florida
lafayette-california
lafayette-indiana
lafayette-louisiana
lagrange-georgia
laguna-beach-california
laguna-hills-california
laguna-niguel-california
la-habra-california
lake-charles-louisiana
lake-city-florida
lake-elsinore-california
lake-forest-california
lake-havasu-city-arizona
lake-jackson-texas
lakeland-florida
lake-mary-florida
lakeport-california
lakeville-minnesota
lakewood-california
lakewood-colorado
lakewood-washington
lake-worth-florida
la-mesa-california
la-mirada-california
lancaster-california
lancaster-ohio
lancaster-pennsylvania
lanett-alabama
lansing-michigan
laplace-louisiana
la-puente-california
la-quinta-california
laramie-wyoming
laredo-texas
largo-florida
larkspur-california
las-cruces-new-mexico
las-vegas-nevada
lathrop-california
lauderhill-florida
laurel-maryland
la-verne-california
lawndale-california
lawrence-kansas
lawrence-massachusetts
lawton-oklahoma
layton-utah
league-city-texas
leavenworth-kansas
lebanon-pennsylvania
leesburg-florida
lees-summit-missouri
lee-s-summit-missouri
lehigh-acres-florida
lemon-grove-california
lemoore-california
lenexa-kansas
lewisburg-pennsylvania
lewiston-idaho
lewiston-maine
lewisville-texas
lexington-kentucky
lighthouse-point-florida
lima-ohio
lincoln-california
lincoln-nebraska
lindsay-california
little-elm-texas
little-rock-arkansas
littleton-colorado
live-oak-florida
livermore-california
livingston-california
livonia-michigan
lockport-new-york
lodi-california
logan-circle-washington-dc
lomita-california
lompoc-california
long-beach-california
longmont-colorado
longview-texas
longview-washington
longwood-florida
lorain-ohio
los-altos-california
los-altos-hills-california
los-angeles-california
los-banos-california
los-gatos-california
louisville-kentucky
loveland-colorado
lowell-massachusetts
lubbock-texas
lufkin-texas
lumberton-north-carolina
lutz-florida
lynchburg-virginia
lynn-haven-florida
lynn-massachusetts
lynnwood-washington
lynwood-california
macclenny-florida
macomb-michigan
macon-georgia
madeira-beach-florida
madera-california
madison-alabama
madison-heights-michigan
madisonville-kentucky
madison-wisconsin
magnolia-arkansas
maitland-florida
malden-massachusetts
manchester-connecticut
manchester-new-hampshire
manhattan-beach-california
manhattan-kansas
mankato-minnesota
mansfield-ohio
mansfield-texas
manteca-california
maple-grove-minnesota
marco-island-florida
margate-florida
maricopa-arizona
marietta-georgia
marina-california
marion-ohio
marquette-michigan
marrero-louisiana
martinez-california
martinsburg-west-virginia
marysville-california
marysville-washington
massillon-ohio
mcallen-texas
mcfarland-california
mckeesport-pennsylvania
mckinney-texas
mcpherson-kansas
medford-massachusetts
medford-oregon
melbourne-florida
memphis-tennessee
menifee-california
menlo-park-california
mentor-ohio
merced-california
meriden-connecticut
meridian-idaho
meridian-mississippi
merrimack-new-hampshire
merritt-island-florida
mesa-arizona
mesquite-nevada
mesquite-texas
metairie-louisiana
methuen-massachusetts
miami-beach-florida
miami-florida
miami-gardens-florida
middletown-connecticut
middletown-delaware
middletown-ohio
midland-michigan
midland-texas
midwest-city-oklahoma
milford-connecticut
milford-delaware
mililani-hawaii
millbrae-california
millbrook-alabama
milledgeville-georgia
mill-valley-california
milpitas-california
milton-florida
milwaukee-wisconsin
minneapolis-minnesota
minneola-florida
minnetonka-minnesota
minot-north-dakota
miramar-florida
mission-texas
mission-viejo-california
missoula-montana
missouri-city-texas
mitchell-south-dakota
mobile-alabama
modesto-california
moline-illinois
monroe-louisiana
monroe-north-carolina
monroeville-alabama
monroeville-pennsylvania
monrovia-california
montclair-california
montebello-california
monterey-california
monterey-park-california
montgomery-alabama
monticello-arkansas
montpelier-vermont
montrose-colorado
moore-oklahoma
moorhead-minnesota
moorpark-california
moreno-valley-california
morgan-hill-california
morgantown-west-virginia
morro-bay-california
mountain-home-arkansas
mountain-view-california
mount-dora-florida
mount-pleasant-south-carolina
mount-pleasant-texas
mount-prospect-illinois
mount-shasta-california
mount-vernon-new-york
mount-vernon-washington
mukilteo-washington
muncie-indiana
murfreesboro-tennessee
murray-kentucky
murrieta-california
muscle-shoals-alabama
muskegon-michigan
myrtle-beach-south-carolina
nacogdoches-texas
nampa-idaho
napa-california
naperville-illinois
naples-florida
nashua-new-hampshire
nashville-tennessee
natchez-mississippi
national-city-california
navy-yard-washington-dc
needles-california
newark-california
newark-delaware
newark-new-jersey
newark-ohio
new-bedford-massachusetts
new-braunfels-texas
new-britain-connecticut
new-brunswick-new-jersey
newburgh-new-york
new-castle-delaware
new-castle-pennsylvania
new-haven-connecticut
newman-california
newnan-georgia
new-orleans-louisiana
newport-beach-california
newport-kentucky
newport-news-virginia
newport-rhode-island
new-port-richey-florida
new-rochelle-new-york
new-smyrna-beach-florida
newton-kansas
newton-massachusetts
new-york-new-york
niagara-falls-new-york
niceville-florida
niles-ohio
nogales-arizona
norco-california
norfolk-nebraska
norfolk-virginia
normal-illinois
norman-oklahoma
norristown-pennsylvania
north-charleston-south-carolina
north-las-vegas-nevada
north-little-rock-arkansas
north-miami-florida
north-platte-nebraska
northport-alabama
north-port-florida
north-richland-hills-texas
norwalk-california
norwalk-connecticut
norwich-connecticut
norwood-ohio
novato-california
novi-michigan
oakdale-california
oak-harbor-washington
oakland-california
oak-lawn-illinois
oakley-california
oak-park-illinois
oak-park-michigan
ocala-florida
oceanside-california
ocoee-florida
odessa-texas
ofallon-missouri
o-fallon-missouri
ogdensburg-new-york
ogden-utah
oil-city-pennsylvania
ojai-california
oklahoma-city-oklahoma
olathe-kansas
olean-new-york
olympia-washington
omaha-nebraska
oneonta-alabama
oneonta-new-york
ontario-california
opelika-alabama
opelousas-louisiana
opp-alabama
orange-california
orange-cove-california
orange-park-florida
orange-texas
oregon-city-oregon
orem-utah
orinda-california
orland-california
orlando-florida
orland-park-illinois
ormond-beach-florida
oro-valley-arizona
oroville-california
oshkosh-wisconsin
oswego-new-york
overland-park-kansas
oviedo-florida
owensboro-kentucky
oxford-alabama
oxford-mississippi
oxnard-california
ozark-alabama
pacifica-california
pacific-grove-california
paducah-kentucky
page-arizona
pahrump-nevada
palatine-illinois
palestine-texas
palm-bay-florida
palm-beach-gardens-florida
palm-coast-florida
palmdale-california
palm-desert-california
palmer-alaska
palmetto-bay-florida
palm-harbor-florida
palm-springs-california
palo-alto-california
palos-verdes-estates-california
panama-city-beach-florida
panama-city-florida
paradise-california
paragould-arkansas
paramount-california
paramus-new-jersey
parker-colorado
parkersburg-west-virginia
park-ridge-illinois
parma-ohio
parsons-kansas
pasadena-california
pasadena-texas
pasco-washington
paso-robles-california
passaic-new-jersey
paterson-new-jersey
patterson-california
pawtucket-rhode-island
payson-arizona
peabody-massachusetts
pearland-texas
pearl-city-hawaii
peekskill-new-york
pell-city-alabama
pembroke-pines-florida
pensacola-florida
peoria-arizona
peoria-illinois
perris-california
perth-amboy-new-jersey
petaluma-california
pflugerville-texas
pharr-texas
phenix-city-alabama
philadelphia-pennsylvania
phoenix-arizona
pico-rivera-california
piedmont-california
pierre-south-dakota
pine-bluff-arkansas
pinole-california
piqua-ohio
pittsburg-california
pittsburgh-pennsylvania
pittsburg-kansas
pittsfield-massachusetts
placentia-california
placerville-california
plainfield-new-jersey
plainview-texas
plano-texas
plantation-florida
plant-city-florida
plattsburgh-new-york
pleasant-hill-california
pleasanton-california
plymouth-minnesota
pocatello-idaho
pomona-california
pompano-beach-florida
pontiac-michigan
portage-michigan
port-arthur-texas
port-charlotte-florida
porterville-california
port-hueneme-california
port-huron-michigan
portland-maine
portland-oregon
port-lavaca-texas
port-orange-florida
portsmouth-new-hampshire
portsmouth-virginia
port-st.-lucie-florida
port-st-lucie-florida
pottstown-pennsylvania
poughkeepsie-new-york
poway-california
prattville-alabama
prescott-arizona
prescott-valley-arizona
prichard-alabama
providence-rhode-island
provo-utah
pueblo-colorado
pullman-washington
punta-gorda-florida
puyallup-washington
queen-creek-arizona
quincy-illinois
quincy-massachusetts
racine-wisconsin
raleigh-north-carolina
rancho-cordova-california
rancho-cucamonga-california
rancho-mirage-california
rancho-palos-verdes-california
rapid-city-south-dakota
reading-pennsylvania
red-bluff-california
redding-california
redlands-california
redmond-washington
redondo-beach-california
redwood-city-california
reedley-california
reno-nevada
renton-washington
revere-massachusetts
rexburg-idaho
reynoldsburg-ohio
rialto-california
richardson-texas
richland-washington
richmond-california
richmond-kentucky
richmond-virginia
ridgecrest-california
rio-rancho-new-mexico
rio-vista-california
ripon-california
riverbank-california
riverside-california
riviera-beach-florida
roanoke-virginia
rochester-hills-michigan
rochester-minnesota
rochester-new-hampshire
rochester-new-york
rockford-illinois
rock-hill-south-carolina
rockledge-florida
rocklin-california
rock-springs-wyoming
rockville-maryland
rockwall-texas
rocky-mount-north-carolina
rogers-arkansas
rohnert-park-california
rolling-meadows-illinois
rome-georgia
rome-new-york
roseburg-oregon
rosemead-california
rosenberg-texas
roseville-california
roswell-georgia
roswell-new-mexico
round-rock-texas
rowlett-texas
royal-oak-michigan
royal-palm-beach-florida
russellville-alabama
russellville-arkansas
ruston-louisiana
rutland-vermont
saco-maine
sacramento-california
safford-arizona
saginaw-michigan
sahuarita-arizona
saint-charles-missouri
saint-cloud-minnesota
saint-joseph-missouri
saint-louis-missouri
saint-paul-minnesota
saint-peters-missouri
salem-new-hampshire
salem-oregon
salina-kansas
salinas-california
salisbury-maryland
salisbury-north-carolina
salt-lake-city-utah
sammamish-washington
san-angelo-california
san-angelo-texas
san-anselmo-california
san-antonio-texas
san-bernardino-california
san-bruno-california
san-carlos-california
san-clemente-california
san-diego-california
san-dimas-california
sandusky-ohio
sandy-springs-georgia
sandy-utah
san-fernando-california
sanford-florida
sanford-maine
san-francisco-california
san-gabriel-california
sanger-california
san-jacinto-california
san-jose-california
san-juan-capistrano-california
san-leandro-california
san-luis-arizona
san-luis-obispo-california
san-marcos-california
san-marcos-texas
san-mateo-california
san-pablo-california
san-rafael-california
san-ramon-california
santa-ana-california
santa-barbara-california
santa-clara-california
santa-clarita-california
santa-cruz-california
santa-fe-new-mexico
santa-maria-california
santa-monica-california
santa-paula-california
santa-rosa-california
santee-california
sarasota-florida
saratoga-california
saratoga-springs-new-york
satellite-beach-florida
sausalito-california
savannah-georgia
sayreville-new-jersey
schaumburg-illinois
schenectady-new-york
schertz-texas
scottsboro-alabama
scottsdale-arizona
scotts-valley-california
scranton-pennsylvania
seaford-delaware
seagoville-texas
seal-beach-california
searcy-arkansas
seattle-washington
sebastian-florida
sebastopol-california
sebring-florida
sedona-arizona
seguin-texas
selma-alabama
selma-california
seminole-florida
shafter-california
shawnee-kansas
shaw-washington-dc
sheboygan-wisconsin
sheffield-alabama
shelby-north-carolina
sheridan-wyoming
sherman-texas
shoreline-washington
show-low-arizona
shreveport-louisiana
sierra-vista-arizona
signal-hill-california
siloam-springs-arkansas
silver-spring-maryland
simi-valley-california
sioux-city-iowa
sioux-falls-south-dakota
sitka-alaska
skokie-illinois
slidell-louisiana
smyrna-delaware
smyrna-georgia
smyrna-tennessee
snyder-texas
solana-beach-california
soldotna-alaska
soledad-california
solvang-california
somerton-arizona
somerville-massachusetts
sonoma-california
sonora-california
southaven-mississippi
south-bend-indiana
south-burlington-vermont
south-el-monte-california
southfield-michigan
south-gate-california
south-lake-tahoe-california
southlake-texas
south-pasadena-california
south-portland-maine
south-san-francisco-california
sparks-nevada
spartanburg-south-carolina
spokane-valley-washington
spokane-washington
springdale-arkansas
springfield-illinois
springfield-massachusetts
springfield-missouri
springfield-ohio
springfield-oregon
st.-albans-vermont
st.-george-utah
st.-petersburg-florida
st-albans-vermont
stamford-connecticut
stanton-california
starkville-mississippi
state-college-pennsylvania
statesboro-georgia
statesville-north-carolina
st-augustine-florida
st-charles-missouri
st-clair-shores-michigan
st-cloud-florida
st-cloud-minnesota
sterling-heights-michigan
steubenville-ohio
st-george-utah
st-helena-california
stillwater-oklahoma
st-joseph-missouri
st-louis-missouri
stockton-california
stow-ohio
st-paul-minnesota
st-petersburg-florida
st-peters-missouri
strongsville-ohio
stuart-florida
suffolk-virginia
sugar-land-texas
suisun-city-california
sulphur-louisiana
summerville-south-carolina
sumter-south-carolina
sunnyvale-california
sunrise-florida
surprise-arizona
susanville-california
sylacauga-alabama
syracuse-new-york
tacoma-washington
taft-california
talladega-alabama
tallahassee-florida
tampa-florida
tarpon-springs-florida
taunton-massachusetts
tavares-florida
taylor-michigan
taylorsville-utah
tehachapi-california
temecula-california
tempe-arizona
temple-city-california
temple-texas
terre-haute-indiana
terrell-texas
texa-
texarkana-arkansas
texarkana-texas
texas-city-texas
the-colony-texas
the-dalles-oregon
thomasville-alabama
thomasville-georgia
thomasville-north-carolina
thornton-colorado
thousand-oaks-california
tiburon-california
tigard-oregon
tinley-park-illinois
titusville-florida
toledo-ohio
tomball-texas
tonawanda-new-york
topeka-kansas
torrance-california
towson-maryland
tracy-california
trenton-new-jersey
troy-alabama
troy-michigan
troy-new-york
troy-ohio
truckee-california
trussville-alabama
tucson-arizona
tukwila-washington
tulare-california
tulsa-oklahoma
tumwater-washington
tupelo-mississippi
turlock-california
tuscaloosa-alabama
tuscumbia-alabama
tuskegee-alabama
tustin-california
twentynine-palms-california
twin-falls-idaho
tyler-texas
ukiah-california
union-city-california
union-city-new-jersey
universal-city-texas
university-place-washington
upland-california
upper-arlington-ohio
utica-new-york
vacaville-california
valdosta-georgia
vallejo-california
van-buren-arkansas
vancouver-washington
venice-florida
ventura-california
vero-beach-florida
vestavia-hills-alabama
vicksburg-mississippi
victoria-texas
victorville-california
vineland-new-jersey
virginia-beach-virginia
visalia-california
vista-california
waco-texas
wadsworth-ohio
wahpeton-north-dakota
wakefield-massachusetts
waldorf-maryland
walla-walla-washington
walnut-california
walnut-creek-california
waltham-massachusetts
warner-robins-georgia
warren-michigan
warren-ohio
warrensburg-missouri
warwick-rhode-island
wasco-california
washington-district-of-columbia
washington-washington-dc
wasilla-alaska
waterbury-connecticut
waterford-california
waterloo-iowa
watertown-massachusetts
watertown-new-york
watertown-south-dakota
waterville-maine
watsonville-california
waukegan-illinois
waukesha-wisconsin
wausau-wisconsin
waxahachie-texas
waycross-georgia
weatherford-texas
weed-california
weirton-west-virginia
wellesley-massachusetts
wellington-florida
wenatchee-washington
weslaco-texas
wesley-chapel-florida
west-chester-pennsylvania
west-covina-california
west-des-moines-iowa
westerville-ohio
westfield-massachusetts
west-haven-connecticut
west-hollywood-california
west-jordan-utah
westlake-ohio
westland-michigan
west-memphis-arkansas
westminster-california
westminster-colorado
westminster-maryland
west-new-york-new-jersey
west-palm-beach-florida
west-sacramento-california
west-valley-city-utah
wheatland-california
wheaton-illinois
wheeling-illinois
wheeling-west-virginia
white-plains-new-york
whittier-california
wichita-falls-texas
wichita-kansas
wildomar-california
wilkes-barre-pennsylvania
williamsburg-virginia
williamsport-pennsylvania
willis-texas
williston-north-dakota
willows-california
wilmington-delaware
wilmington-north-carolina
wilson-north-carolina
window-rock-arizona
windsor-california
winnemucca-nevada
winslow-arizona
winston-salem-north-carolina
winter-garden-florida
winter-haven-florida
winter-park-florida
winters-california
winter-springs-florida
woodbridge-new-jersey
woodbridge-virginia
woodbury-minnesota
woodland-california
woodway-texas
woonsocket-rhode-island
worcester-massachusetts
worthington-ohio
wyoming-michigan
yakima-washington
yankton-south-dakota
yonkers-new-york
yorba-linda-california
york
york-pennsylvania
youngstown-ohio
yreka-california
yuba-city-california
yucaipa-california
yucca-valley-california
yuma-arizona
zanesville-ohio
zephyrhills-florida
