aberdeen-south-dakota
aberdeen-washington
abilene-texas
acworth-georgia
adams-morgan-washington-dc
addison-illinois
adelanto-california
adel-georgia
agoura-hills-california
aiken-south-carolina
akron-ohio
alameda-california
alamosa-colorado
albany-california
albany-georgia
albany-new-york
albany-oregon
albertville-alabama
albuquerque-new-mexico
alexander-city-alabama
alexandria-louisiana
alexandria-virginia
algonquin-illinois
alhambra-california
aliso-viejo-california
allen-texas
allentown-pennsylvania
alliance-ohio
alpharetta-georgia
altadena-california
altamonte-springs-florida
altoona-pennsylvania
amarillo-texas
americus-georgia
ames-iowa
amherst-new-york
anacortes-washington
anaheim-california
anchorage-alaska
andalusia-alabama
anderson-indiana
anderson-south-carolina
angola-indiana
ankeny-iowa
annapolis-maryland
ann-arbor-michigan
anniston-alabama
ansonia-connecticut
antioch-california
apache-junction-arizona
apalachicola-florida
apopka-florida
appleton-wisconsin
apple-valley-california
arab-alabama
arcadia-california
arcadia-florida
arkansas-city-kansas
arlington-heights-illinois
arlington-texas
arlington-virginia
arroyo-grande-california
artesia-california
arvada-colorado
arvin-california
asheville-north-carolina
ashland-kentucky
ashland-oregon
ashtabula-ohio
aspen-colorado
atascadero-california
atchison-kansas
athens-alabama
athens-georgia
athens-ohio
atherton-california
atlanta-georgia
atlantic-beach-florida
atmore-alabama
attalla-alabama
atwater-california
auburn-alabama
auburndale-florida
auburn-indiana
auburn-maine
auburn-new-york
auburn-washington
augusta-georgia
augusta-maine
aurora-colorado
aurora-illinois
austell-georgia
austin-texas
avalon-california
avenal-california
aventura-florida
avondale-arizona
avon-park-florida
azusa-california
bainbridge-georgia
bakersfield-california
baldwin-park-california
baltimore-maryland
bangor-maine
banning-california
barberton-ohio
barnesville-georgia
barnstable-massachusetts
barre-vermont
barrington-illinois
barstow-california
bartlett-illinois
bartlett-tennessee
bartow-florida
batavia-illinois
batavia-new-york
batesville-arkansas
baton-rouge-louisiana
battle-creek-michigan
bay-city-michigan
bay-minette-alabama
bayonne-new-jersey
baytown-texas
bear-delaware
beaumont-california
beaumont-texas
beavercreek-ohio
beaverton-oregon
bedford-indiana
bedford-texas
bell-california
belleair-florida
bellefontaine-ohio
belle-glade-florida
belleview-florida
belleville-illinois
bellevue-nebraska
bellevue-washington
bellflower-california
bell-gardens-california
bellingham-washington
belmont-california
belvidere-illinois
bend-oregon
benicia-california
benton-arkansas
benton-harbor-michigan
bentonville-arkansas
berkeley-california
berlin-connecticut
berwyn-illinois
bessemer-alabama
bethel-alaska
bethesda-maryland
bethlehem-pennsylvania
bettendorf-iowa
beverly-hills-california
biddeford-maine
big-bear-lake-california
billings-montana
biloxi-mississippi
binghamton-new-york
birmingham-alabama
birmingham-michigan
bisbee-arizona
bishop-california
bismarck-north-dakota
blackfoot-idaho
blairsville-georgia
blakely-georgia
bloomfield-connecticut
bloomfield-hills-michigan
bloomington-illinois
bloomington-indiana
bloomington-minnesota
blue-springs-missouri
bluffton-indiana
blythe-california
blytheville-arkansas
boaz-alabama
boca-raton-florida
boise-idaho
bolingbrook-illinois
bonita-springs-florida
bossier-city-louisiana
boston-massachusetts
bothell-washington
boulder-city-nevada
boulder-colorado
bowie-maryland
bowling-green-kentucky
bowling-green-ohio
boynton-beach-florida
bozeman-montana
bradenton-florida
branford-connecticut
brawley-california
brazil-indiana
brea-california
bremerton-washington
brentwood-california
brentwood-tennessee
brewton-alabama
bridgeport-connecticut
brighton-colorado
bristol-connecticut
brockton-massachusetts
broken-arrow-oklahoma
brookline-massachusetts
brooklyn-park-minnesota
brooksville-florida
broomfield-colorado
brownsville-texas
brunswick-georgia
bryan-texas
buckeye-arizona
buena-park-california
buffalo-grove-illinois
buffalo-new-york
buford-georgia
bullhead-city-arizona
bunnell-florida
burbank-california
burbank-illinois
burien-washington
burleson-texas
burley-idaho
burlingame-california
burlington-iowa
burlington-north-carolina
burlington-vermont
burnsville-minnesota
bushnell-florida
butler-pennsylvania
butte-montana
byron-georgia
cabot-arkansas
calabasas-california
caldwell-idaho
calexico-california
calhoun-georgia
calimesa-california
callaway-florida
camarillo-california
cambridge-massachusetts
camden-arkansas
camden-new-jersey
campbell-california
camp-verde-arizona
canandaigua-new-york
canoga-park-california
canon-city-colorado
canton-georgia
canton-illinois
canton-michigan
canton-new-york
canton-ohio
cape-canaveral-florida
cape-coral-florida
cape-girardeau-missouri
capitola-california
capitol-hill-washington-dc
carbondale-illinois
carlsbad-california
carlsbad-new-mexico
carmel-by-the-sea-california
carmel-california
carmel-indiana
carol-stream-illinois
carpentersville-illinois
carpinteria-california
carrollton-georgia
carrollton-texas
carson-california
carson-city-nevada
cartersville-georgia
cary-north-carolina
casa-grande-arizona
casper-wyoming
casselberry-florida
castle-rock-colorado
castro-valley-california
cathedral-city-california
cedar-falls-iowa
cedar-key-florida
cedar-park-texas
cedar-rapids-iowa
cedartown-georgia
celebration-florida
centennial-colorado
centerville-georgia
centerville-ohio
central-falls-rhode-island
centralia-washington
centre-alabama
ceres-california
cerritos-california
chambersburg-pennsylvania
chamblee-georgia
champaign-illinois
champaign-urbana-illinois
chandler-arizona
chanute-kansas
chapel-hill-north-carolina
charleston-south-carolina
charleston-west-virginia
charlotte-north-carolina
charlottesville-virginia
chatsworth-georgia
chattanooga-tennessee
cheney-washington
cherry-hill-new-jersey
chesapeake-virginia
chester-pennsylvania
chesterton-indiana
cheyenne-wyoming
chicago-heights-illinois
chicago-illinois
chico-california
chicopee-massachusetts
chillicothe-ohio
chino-california
chino-hills-california
chino-valley-arizona
chipley-florida
chubbuck-idaho
chula-vista-california
cicero-illinois
cincinnati-ohio
citrus-heights-california
clanton-alabama
claremont-california
clarkesville-georgia
clarksville-georgia
clarksville-indiana
clarksville-tennessee
clayton-california
clearlake-california
clearwater-florida
cleburne-texas
clermont-florida
cleveland-georgia
cleveland-ohio
clewiston-florida
clifton-new-jersey
clinton-iowa
cloverdale-california
clovis-california
clovis-new-mexico
coachella-california
coatesville-pennsylvania
cochran-georgia
cocoa-beach-florida
cocoa-florida
coconut-creek-florida
coeur-dalene-idaho
coeur-d-alene-idaho
coffeyville-kansas
college-park-georgia
college-park-maryland
college-station-texas
collierville-tennessee
colorado-springs-colorado
colton-california
columbia-city-indiana
columbia-maryland
columbia-missouri
columbia-pennsylvania
columbia-south-carolina
columbus-georgia
columbus-indiana
columbus-mississippi
columbus-ohio
colusa-california
commerce-california
commerce-city-colorado
commerce-georgia
compton-california
concord-california
concord-new-hampshire
concord-north-carolina
conroe-texas
conway-arkansas
conway-south-carolina
conyers-georgia
coolidge-arizona
coon-rapids-minnesota
coppell-texas
coral-gables-florida
coral-springs-florida
corcoran-california
cordele-georgia
cornelia-georgia
corona-california
coronado-california
corpus-christi-texas
corry-pennsylvania
corsicana-texas
corte-madera-california
cortez-colorado
cortland-new-york
corvallis-oregon
costa-mesa-california
cotati-california
cottonwood-arizona
council-bluffs-iowa
covina-california
covington-georgia
covington-kentucky
craig-colorado
cranston-rhode-island
crawfordsville-indiana
crescent-city-california
crestview-florida
crown-point-indiana
crystal-lake-illinois
crystal-river-florida
cudahy-california
cullman-alabama
culver-city-california
cumming-georgia
cupertino-california
cutler-bay-florida
cuyahoga-falls-ohio
cypress-california
dade-city-florida
dahlonega-georgia
dakota
dallas-texas
dalton-georgia
daly-city-california
danbury-connecticut
dania-beach-florida
danielsville-georgia
danville-california
danville-illinois
darien-georgia
davenport-florida
davenport-iowa
davie-florida
davis-california
dawson-georgia
dawsonville-georgia
daytona-beach-florida
dayton-ohio
dearborn-michigan
debary-florida
decatur-alabama
decatur-georgia
decatur-illinois
deerfield-beach-florida
defuniak-springs-florida
dekalb-illinois
deland-florida
delano-california
delaware-ohio
del-mar-california
delray-beach-florida
delta-colorado
deltona-florida
demopolis-alabama
denton-texas
denver-colorado
derby-connecticut
derry-new-hampshire
desert-hot-springs-california
des-moines-iowa
des-moines-washington
desoto-texas
des-plaines-illinois
destin-florida
detroit-michigan
diamond-bar-california
dickinson-north-dakota
dillingham-alaska
dinuba-california
dixon-california
dixon-illinois
dodge-city-kansas
doral-florida
dothan-alabama
douglas-arizona
douglas-georgia
douglasville-georgia
dover-delaware
dover-new-hampshire
downers-grove-illinois
downey-california
downtown-washington-dc
duarte-california
dublin-california
dublin-georgia
dubois-pennsylvania
dubuque-iowa
duluth-georgia
duluth-minnesota
duncanville-texas
dunedin-florida
dupont-circle-washington-dc
durango-colorado
durham-north-carolina
eagan-minnesota
eagle-idaho
eagle-lake-florida
east-chicago-indiana
east-greenwich-rhode-island
east-hartford-connecticut
east-haven-connecticut
east-lansing-michigan
east-los-angeles-california
east-moline-illinois
easton-pennsylvania
east-orange-new-jersey
east-palo-alto-california
east-point-georgia
east-providence-rhode-island
eatonton-georgia
eau-claire-wisconsin
eden-prairie-minnesota
edgewater-florida
edina-minnesota
edinburg-texas
edison-new-jersey
edmond-oklahoma
edmonds-washington
elberton-georgia
el-cajon-california
el-centro-california
el-cerrito-california
el-dorado-arkansas
elgin-illinois
elizabeth-new-jersey
elizabethtown-kentucky
elk-grove-california
elk-grove-village-illinois
elkhart-indiana
elko-nevada
ellensburg-washington
ellijay-georgia
elmhurst-illinois
elmira-new-york
el-monte-california
el-paso-texas
el-segundo-california
elsmere-delaware
elyria-ohio
emeryville-california
emporia-kansas
encinitas-california
enfield-connecticut
englewood-colorado
englewood-florida
enid-oklahoma
enterprise-alabama
enterprise-nevada
enumclaw-washington
erie-pennsylvania
escalon-california
escondido-california
essex-junction-vermont
essex-vermont
estes-park-colorado
eufaula-alabama
eugene-oregon
euless-texas
eureka-california
eustis-florida
evans-georgia
evanston-illinois
evanston-wyoming
evansville-indiana
everett-washington
everglades-city-florida
ewa-beach-hawaii
exeter-california
fairbanks-alaska
fairborn-ohio
fairburn-georgia
fairfax-california
fairfield-california
fairfield-connecticut
fairhope-alabama
fairmont-west-virginia
fallbrook-california
fallon-nevada
fall-river-massachusetts
fargo-north-dakota
farmers-branch-texas
farmersville-california
farmington-hills-michigan
farmington-new-mexico
fayetteville-arkansas
fayetteville-georgia
fayetteville-north-carolina
federal-way-washington
fernandina-beach-florida
fernley-nevada
findlay-ohio
fishers-indiana
fitzgerald-georgia
flagler-beach-florida
flagstaff-arizona
flint-michigan
florence-alabama
florence-arizona
florence-kentucky
florence-south-carolina
florida-city-florida
florissant-missouri
flower-mound-texas
foley-alabama
folsom-california
fond-du-lac-wisconsin
fontana-california
forrest-city-arkansas
forsyth-georgia
fort-bragg-california
fort-collins-colorado
fort-dodge-iowa
fort-lauderdale-florida
fort-meade-florida
fort-morgan-colorado
fort-myers-beach-florida
fort-myers-florida
fort-oglethorpe-georgia
fort-payne-alabama
fort-pierce-florida
fort-scott-kansas
fort-smith-arkansas
fortuna-california
fort-valley-georgia
fort-walton-beach-florida
fort-wayne-indiana
fort-worth-texas
foster-city-california
fountain-valley-california
fowler-california
framingham-massachusetts
frankfort-indiana
frankfort-kentucky
franklin-indiana
franklin-tennessee
frederick-maryland
freeport-illinois
fremont-california
fremont-nebraska
fresno-california
friendswood-texas
frisco-texas
frostproof-florida
fullerton-california
gadsden-alabama
gahanna-ohio
gainesville-florida
gainesville-georgia
gaithersburg-maryland
galesburg-illinois
gallup-new-mexico
galt-california
galveston-texas
gardena-california
garden-city-georgia
garden-city-idaho
garden-city-kansas
garden-grove-california
garland-texas
gary-indiana
gastonia-north-carolina
geneva-new-york
georgetown-delaware
georgetown-georgia
georgetown-kentucky
georgetown-texas
georgetown-washington-dc
germantown-maryland
germantown-tennessee
gettysburg-pennsylvania
gilbert-arizona
gillette-wyoming
gilroy-california
glastonbury-connecticut
glendale-arizona
glendale-california
glendora-california
glen-ellyn-illinois
glen-ridge-florida
glens-falls-new-york
glenview-illinois
glenwood-springs-colorado
globe-arizona
gloversville-new-york
golden-colorado
goldsboro-north-carolina
goleta-california
gonzales-california
goodyear-arizona
goose-creek-south-carolina
goshen-indiana
graceville-florida
grand-forks-north-dakota
grand-island-nebraska
grand-junction-colorado
grand-prairie-texas
grand-rapids-michigan
grand-terrace-california
grapevine-texas
grass-valley-california
great-bend-kansas
great-falls-montana
greeley-colorado
greenacres-florida
green-bay-wisconsin
green-cove-springs-florida
greenfield-california
greenfield-indiana
greensboro-north-carolina
greensburg-pennsylvania
greenville-alabama
greenville-mississippi
greenville-north-carolina
greenville-south-carolina
greenville-texas
greenwood-indiana
gresham-oregon
gretna-louisiana
griffin-georgia
griffith-indiana
groton-connecticut
grove-city-ohio
grover-beach-california
groves-texas
grovetown-georgia
guilford-connecticut
gulf-breeze-florida
gulfport-florida
gulfport-mississippi
gunnison-colorado
guntersville-alabama
gurnee-illinois
hackensack-new-jersey
hagerstown-maryland
hahira-georgia
haines-city-florida
half-moon-bay-california
hallandale-beach-florida
haltom-city-texas
hamden-connecticut
hamilton-ohio
hammond-indiana
hammond-louisiana
hampshire
hampton-georgia
hampton-virginia
hanford-california
hanover-park-illinois
harlingen-texas
harrington-delaware
harrisburg-pennsylvania
harrison-arkansas
hartford-connecticut
hartselle-alabama
hartwell-georgia
harvey-illinois
hastings-nebraska
hattiesburg-mississippi
havana-florida
haverhill-massachusetts
havre-montana
hawaiian-gardens-california
hawkinsville-georgia
hawthorne-california
hayward-california
hazlehurst-georgia
hazleton-pennsylvania
healdsburg-california
helena-arkansas
helena-montana
helen-georgia
hemet-california
henderson-nevada
henderson-texas
hercules-california
hermosa-beach-california
hesperia-california
hewitt-texas
hialeah-florida
hialeah-gardens-florida
hickory-north-carolina
hidalgo-texas
highland-california
highland-park-illinois
highland-village-texas
high-point-north-carolina
high-springs-florida
hilliard-ohio
hillsboro-oregon
hillsboro-texas
hilo-hawaii
hilton-head-island-south-carolina
hinesville-georgia
hobart-indiana
hobbs-new-mexico
hoboken-new-jersey
hoffman-estates-illinois
hogansville-georgia
hollister-california
holly-hill-florida
hollywood-florida
homer-alaska
homerville-georgia
homestead-florida
homewood-alabama
honolulu-hawaii
hoover-alabama
hope-arkansas
hopkinsville-kentucky
hornell-new-york
hot-springs-arkansas
houma-louisiana
houston-texas
huber-heights-ohio
hudson-florida
humble-texas
huntington-beach-california
huntington-indiana
huntington-park-california
huntington-west-virginia
huntsville-alabama
huntsville-texas
hurst-texas
hutchinson-kansas
hypoluxo-florida
idaho-falls-idaho
illinoi-
immokalee-florida
imperial-beach-california
imperial-california
independence-missouri
indialantic-florida
indianapolis-indiana
indian-harbour-beach-florida
indian-rocks-beach-florida
indio-california
inglewood-california
inverness-florida
iola-kansas
iowa-city-iowa
irvine-california
irving-texas
island
isleton-california
issaquah-washington
ithaca-new-york
jackson-alabama
jackson-california
jackson-georgia
jackson-michigan
jackson-mississippi
jackson-tennessee
jacksonville-beach-florida
jacksonville-florida
jacksonville-north-carolina
jacksonville-texas
jamestown-new-york
jamestown-north-dakota
janesville-wisconsin
jasper-alabama
jasper-florida
jasper-georgia
jasper-indiana
jefferson-city-missouri
jefferson-georgia
jeffersonville-indiana
jerome-idaho
jersey
jersey-city-new-jersey
jesup-georgia
johnson-city-tennessee
johnstown-pennsylvania
joliet-illinois
jonesboro-arkansas
jonesboro-georgia
joplin-missouri
juneau-alaska
jupiter-florida
jupiter-inlet-colony-florida
jurupa-valley-california
kahului-hawaii
kailua-hawaii
kailua-kona-hawaii
kalamazoo-michigan
kalispell-montana
kaneohe-hawaii
kankakee-illinois
kannapolis-north-carolina
kansas-city-kansas
kansas-city-missouri
kapaa-hawaii
katy-texas
kearney-nebraska
kearny-new-jersey
keene-new-hampshire
keizer-oregon
keller-texas
kenai-alaska
kenner-louisiana
kennesaw-georgia
kennewick-washington
kenosha-wisconsin
kent-washington
kentwood-michigan
ketchikan-alaska
kettering-ohio
key-biscayne-florida
key-largo-florida
key-west-florida
kihei-hawaii
killeen-texas
kingman-arizona
kingsland-georgia
kingsport-tennessee
kingston-new-york
kingsville-texas
kirkland-washington
kissimmee-florida
klamath-falls-oregon
knoxville-tennessee
kodiak-alaska
kokomo-indiana
kyle-texas
la-belle-florida
la-canada-flintridge-california
lacey-washington
la-crosse-wisconsin
lady-lake-florida
lafayette
lafayette-california
lafayette-colorado
lafayette-indiana
lafayette-louisiana
lagrange-georgia
lagrange-illinois
laguna-beach-california
laguna-hills-california
laguna-niguel-california
laguna-woods-california
la-habra-california
lahaina-hawaii
la-junta-colorado
lake-alfred-florida
lake-buena-vista-florida
lake-charles-louisiana
lake-city-florida
lake-clarke-shores-florida
lake-elsinore-california
lake-forest-california
lake-forest-illinois
lake-havasu-city-arizona
lake-helen-florida
lake-jackson-texas
lakeland-florida
lake-mary-florida
lake-park-florida
lake-placid-florida
lakeport-california
lakeville-minnesota
lake-wales-florida
lakewood-california
lakewood-colorado
lakewood-washington
lake-worth-florida
lamar-colorado
la-mesa-california
la-mirada-california
lancaster-california
lancaster-ohio
lancaster-pennsylvania
lanett-alabama
lansing-illinois
lansing-michigan
lantana-florida
la-palma-california
laplace-louisiana
la-porte-indiana
la-puente-california
la-quinta-california
laramie-wyoming
laredo-texas
largo-florida
larkspur-california
las-cruces-new-mexico
las-vegas-nevada
lathrop-california
lauderdale-by-the-sea-florida
lauderdale-lakes-florida
lauderhill-florida
laurel-delaware
laurel-maryland
la-verne-california
lawndale-california
lawrence-indiana
lawrence-kansas
lawrence-massachusetts
lawrenceville-georgia
lawton-oklahoma
layton-utah
leadville-colorado
league-city-texas
leavenworth-kansas
lebanon-indiana
lebanon-pennsylvania
leesburg-florida
lees-summit-missouri
lee-s-summit-missouri
lehigh-acres-florida
lemon-grove-california
lemoore-california
lenexa
lenexa-kansas
lewes-delaware
lewisburg-pennsylvania
lewiston-idaho
lewiston-maine
lewisville-texas
lexington-kentucky
libertyville-illinois
lighthouse-point-florida
lilburn-georgia
lima-ohio
lincoln-california
lincoln-nebraska
lindsay-california
lithonia-georgia
little-elm-texas
little-rock-arkansas
littleton-colorado
live-oak-florida
livermore-california
livingston-california
livonia-michigan
lockport-new-york
locust-grove-georgia
lodi-california
logan-circle-washington-dc
logansport-indiana
loganville-georgia
lombard-illinois
lomita-california
lompoc-california
long-beach-california
longboat-key-florida
longmont-colorado
longview-texas
longview-washington
longwood-florida
lorain-ohio
los-alamitos-california
los-altos-california
los-altos-hills-california
los-angeles-california
los-banos-california
los-gatos-california
louisville-colorado
louisville-georgia
louisville-kentucky
loveland-colorado
lowell-massachusetts
lubbock-texas
lufkin-texas
lumberton-north-carolina
lutz-florida
lynchburg-virginia
lynn-haven-florida
lynn-massachusetts
lynnwood-washington
lynwood-california
mableton-georgia
macclenny-florida
macomb-illinois
macomb-michigan
macon-georgia
madeira-beach-florida
madera-california
madison-alabama
madison-georgia
madison-heights-michigan
madison-indiana
madisonville-kentucky
madison-wisconsin
magnolia-arkansas
maitland-florida
malden-massachusetts
malibu-california
malvern-arkansas
mammoth-lakes-california
manchester-connecticut
manchester-new-hampshire
manhattan-beach-california
manhattan-kansas
mankato-minnesota
mansfield-ohio
mansfield-texas
manteca-california
maple-grove-minnesota
marathon-florida
marco-island-florida
margate-florida
maricopa-arizona
marietta-georgia
marina-california
marion-indiana
marion-iowa
marion-ohio
marquette-michigan
marrero-louisiana
martinez-california
martinsburg-west-virginia
martinsville-indiana
mary-esther-florida
marysville-california
marysville-washington
mason-city-iowa
massillon-ohio
mattoon-illinois
maywood-california
mcallen-texas
mcdonough-georgia
mcfarland-california
mchenry-illinois
mckeesport-pennsylvania
mckinney-texas
mcpherson-kansas
mcrae-georgia
medford-massachusetts
medford-oregon
melbourne-beach-florida
melbourne-florida
melrose-park-illinois
memphis-tennessee
menifee-california
menlo-park-california
mentor-ohio
merced-california
meriden-connecticut
meridian-idaho
meridian-mississippi
merrillville-indiana
merrimack-new-hampshire
merritt-island-florida
mesa-arizona
mesquite-nevada
mesquite-texas
metairie-louisiana
methuen-massachusetts
mexico-beach-florida
miami-beach-florida
miami-florida
miami-gardens-florida
miami-lakes-florida
miami-shores-florida
miami-springs-florida
miccosukee-florida
michigan-city-indiana
middleburg-florida
middletown-connecticut
middletown-delaware
middletown-ohio
midland-michigan
midland-texas
midwest-city-oklahoma
milford-connecticut
milford-delaware
mililani
mililani-hawaii
millbrae-california
millbrook-alabama
milledgeville-georgia
mill-valley-california
milpitas-california
milton-delaware
milton-florida
milwaukee-wisconsin
minneapolis-minnesota
minneola-florida
minnetonka-minnesota
minot-north-dakota
miramar-florida
mishawaka-indiana
mission-texas
mission-viejo-california
missoula-montana
missouri-city-texas
mitchell-south-dakota
mobile-alabama
modesto-california
mokena-illinois
moline-illinois
monroe-georgia
monroe-louisiana
monroe-north-carolina
monroeville-alabama
monroeville-pennsylvania
monrovia-california
montclair-california
montebello-california
monterey-california
monterey-park-california
montgomery-alabama
monticello-arkansas
monticello-florida
monticello-georgia
montpelier-vermont
montrose-colorado
moore-haven-florida
moore-oklahoma
moorhead-minnesota
moorpark-california
moraga-california
moreno-valley-california
morgan-hill-california
morgantown-west-virginia
morro-bay-california
morrow-georgia
moscow-idaho
moultrie-georgia
mountain-home-arkansas
mountain-view-california
mount-dora-florida
mount-pleasant-south-carolina
mount-pleasant-texas
mount-prospect-illinois
mount-shasta-california
mount-vernon-georgia
mount-vernon-new-york
mount-vernon-washington
mukilteo-washington
mulberry-florida
muncie-indiana
mundelein-illinois
munster-indiana
murfreesboro-tennessee
murray-kentucky
murrieta-california
muscatine-iowa
muscle-shoals-alabama
muskegon-michigan
myrtle-beach-south-carolina
nacogdoches-texas
nampa-idaho
napa-california
naperville-illinois
naples-florida
nashua-new-hampshire
nashville-georgia
nashville-tennessee
natchez-mississippi
national-city-california
naugatuck-connecticut
navy-yard-washington-dc
needles-california
neptune-beach-florida
new-albany-indiana
newark-california
newark-delaware
newark-new-jersey
newark-ohio
new-bedford-massachusetts
new-braunfels-texas
new-britain-connecticut
new-brunswick-new-jersey
newburgh-new-york
new-castle-delaware
new-castle-indiana
new-castle-pennsylvania
new-haven-connecticut
newington-connecticut
new-london-connecticut
newman-california
new-milford-connecticut
newnan-georgia
new-orleans-louisiana
newport-arkansas
newport-beach-california
newport-kentucky
newport-news-virginia
newport-rhode-island
new-port-richey-florida
new-rochelle-new-york
new-smyrna-beach-florida
newton-iowa
newton-kansas
newton-massachusetts
new-york-new-york
niagara-falls-new-york
niceville-florida
niles-ohio
noblesville-indiana
nogales-arizona
nome-alaska
norco-california
norcross-georgia
norfolk-nebraska
norfolk-virginia
normal-illinois
norman-oklahoma
norristown-pennsylvania
north-bay-village-florida
northbrook-illinois
north-charleston-south-carolina
northglenn-colorado
north-haven-connecticut
north-las-vegas-nevada
north-lauderdale-florida
north-little-rock-arkansas
north-miami-beach-florida
north-miami-florida
north-palm-beach-florida
north-platte-nebraska
northport-alabama
north-port-florida
north-richland-hills-texas
north-vernon-indiana
norwalk-california
norwalk-connecticut
norwich-connecticut
norwood-ohio
novato-california
novi-michigan
oakdale-california
oak-forest-illinois
oak-harbor-washington
oak-hill-florida
oakland-california
oakland-park-florida
oak-lawn-illinois
oakley-california
oak-park-illinois
oak-park-michigan
oakwood-georgia
ocala-florida
ocean-ridge-florida
oceanside-california
ocilla-georgia
ocoee-florida
odessa-texas
ofallon-missouri
o-fallon-missouri
ogdensburg-new-york
ogden-utah
oglethorpe-georgia
oil-city-pennsylvania
ojai-california
okeechobee-florida
oklahoma-city-oklahoma
olathe-kansas
oldsmar-florida
olean-new-york
olympia-washington
omaha-nebraska
oneonta-alabama
oneonta-new-york
ontario-california
opa-locka-florida
opelika-alabama
opelousas-louisiana
opp-alabama
orange-california
orange-city-florida
orange-connecticut
orange-cove-california
orange-park-florida
orange-texas
oregon-city-oregon
orem-utah
orinda-california
orland-california
orlando-florida
orland-park-illinois
ormond-beach-florida
oro-valley-arizona
oroville-california
osceola-arkansas
oshkosh-wisconsin
oswego-illinois
oswego-new-york
ottawa-illinois
ottumwa-iowa
overland-park-kansas
oviedo-florida
owensboro-kentucky
oxford-alabama
oxford-mississippi
oxnard-california
ozark-alabama
pacifica-california
pacific-grove-california
paducah-kentucky
page-arizona
pahokee-florida
pahrump-nevada
palatine-illinois
palatka-florida
palestine-texas
palm-bay-florida
palm-beach-florida
palm-beach-gardens-florida
palm-coast-florida
palmdale-california
palm-desert-california
palmer-alaska
palmetto-bay-florida
palmetto-florida
palm-harbor-florida
palm-shores-florida
palm-springs-california
palm-springs-florida
palo-alto-california
palos-verdes-estates-california
panama-city-beach-florida
panama-city-florida
paradise-california
paragould-arkansas
paramount-california
paramus-new-jersey
parker-colorado
parker-florida
parkersburg-west-virginia
parkland-florida
park-ridge-illinois
parma-ohio
parsons-kansas
pasadena-california
pasadena-texas
pasco-washington
paso-robles-california
passaic-new-jersey
paterson-new-jersey
patterson-california
pawtucket-rhode-island
payson-arizona
peabody-massachusetts
peachtree-city-georgia
peachtree-corners-georgia
pearland-texas
pearl-city-hawaii
peekskill-new-york
pell-city-alabama
pembroke-pines-florida
pensacola-florida
peoria-arizona
peoria-illinois
perris-california
perry-florida
perry-georgia
perth-amboy-new-jersey
peru-indiana
petaluma-california
pflugerville-texas
pharr-texas
phenix-city-alabama
philadelphia-pennsylvania
phoenix-arizona
pico-rivera-california
piedmont-california
pierre-south-dakota
pine-bluff-arkansas
pinellas-park-florida
pinole-california
piqua-ohio
pismo-beach-california
pittsburg-california
pittsburgh-pennsylvania
pittsburg-kansas
pittsfield-massachusetts
placentia-california
placerville-california
plainfield-illinois
plainfield-indiana
plainfield-new-jersey
plainview-texas
plainville-connecticut
plano-texas
plantation-florida
plant-city-florida
plattsburgh-new-york
pleasant-hill-california
pleasanton-california
plymouth-minnesota
pocatello-idaho
pomona-california
pompano-beach-florida
ponce-inlet-florida
pontiac-michigan
pooler-georgia
portage-indiana
portage-michigan
port-arthur-texas
port-charlotte-florida
porterville-california
port-hueneme-california
port-huron-michigan
portland-maine
portland-oregon
port-lavaca-texas
portola-california
port-orange-florida
port-richey-florida
portsmouth-new-hampshire
portsmouth-virginia
port-st.-lucie-florida
port-st-joe-florida
port-st-lucie-florida
post-falls-idaho
pottstown-pennsylvania
poughkeepsie-new-york
poway-california
powder-springs-georgia
prattville-alabama
prescott-arizona
prescott-valley-arizona
prichard-alabama
providence-rhode-island
provo-utah
pueblo-colorado
pullman-washington
punta-gorda-florida
puyallup-washington
queen-creek-arizona
quincy-florida
quincy-illinois
quincy-massachusetts
quitman-georgia
racine-wisconsin
raleigh-north-carolina
rancho-cordova-california
rancho-cucamonga-california
rancho-mirage-california
rancho-palos-verdes-california
rancho-santa-margarita-california
rapid-city-south-dakota
reading-pennsylvania
red-bluff-california
redding-california
redlands-california
redmond-washington
redondo-beach-california
redwood-city-california
reedley-california
rehoboth-beach-delaware
reidsville-georgia
reno-nevada
renton-washington
revere-massachusetts
rexburg-idaho
reynoldsburg-ohio
rialto-california
richardson-texas
richland-washington
richmond-california
richmond-indiana
richmond-kentucky
richmond-virginia
ridgecrest-california
rifle-colorado
rincon-georgia
rio-rancho-new-mexico
rio-vista-california
ripon-california
riverbank-california
riverdale-georgia
riverside-california
riviera-beach-florida
roanoke-virginia
rochester-hills-michigan
rochester-minnesota
rochester-new-hampshire
rochester-new-york
rockford-illinois
rock-hill-south-carolina
rock-island-illinois
rockledge-florida
rocklin-california
rock-springs-wyoming
rockville-maryland
rockwall-texas
rocky-mount-north-carolina
rogers-arkansas
rohnert-park-california
rolling-hills-california
rolling-hills-estates-california
rolling-meadows-illinois
rome-georgia
rome-new-york
romeoville-illinois
roseburg-oregon
roselle-illinois
rosemead-california
rosenberg-texas
roseville-california
ross-california
roswell-georgia
roswell-new-mexico
round-lake-beach-illinois
round-rock-texas
rowlett-texas
royal-oak-michigan
royal-palm-beach-florida
rushville-indiana
russellville-alabama
russellville-arkansas
ruston-louisiana
rutland-vermont
rutledge-georgia
saco-maine
sacramento-california
safety-harbor-florida
safford-arizona
saginaw-michigan
sahuarita-arizona
saint-charles-missouri
saint-cloud-minnesota
saint-joseph-missouri
saint-louis-missouri
saint-paul-minnesota
saint-peters-missouri
salem-new-hampshire
salem-oregon
salida-colorado
salina-kansas
salinas-california
salisbury-maryland
salisbury-north-carolina
salt-lake-city-utah
sammamish-washington
san-angelo-california
san-angelo-texas
san-anselmo-california
san-antonio-florida
san-antonio-texas
san-bernardino-california
san-bruno-california
san-carlos-california
san-clemente-california
sandersville-georgia
san-diego-california
san-dimas-california
sandpoint-idaho
sandusky-ohio
sandy-springs-georgia
sandy-utah
san-fernando-california
sanford-florida
sanford-maine
san-francisco-california
san-gabriel-california
sanger-california
sanibel-florida
san-jacinto-california
san-jose-california
san-juan-capistrano-california
san-leandro-california
san-luis-arizona
san-luis-obispo-california
san-marcos-california
san-marcos-texas
san-marino-california
san-mateo-california
san-pablo-california
san-rafael-california
san-ramon-california
santa-ana-california
santa-barbara-california
santa-clara-california
santa-clarita-california
santa-cruz-california
santa-fe-new-mexico
santa-fe-springs-california
santa-maria-california
santa-monica-california
santa-paula-california
santa-rosa-california
santee-california
sarasota-florida
saratoga-california
saratoga-springs-new-york
satellite-beach-florida
sausalito-california
savannah-georgia
sayreville-new-jersey
schaumburg-illinois
schenectady-new-york
schererville-indiana
schertz-texas
scottsboro-alabama
scottsdale-arizona
scotts-valley-california
scranton-pennsylvania
seaford-delaware
seagoville-texas
seal-beach-california
searcy-arkansas
seaside-california
seattle-washington
sebastian-florida
sebastopol-california
sebring-florida
sedona-arizona
seguin-texas
selma-alabama
selma-california
seminole-florida
seymour-indiana
shafter-california
shalimar-florida
shasta-lake-california
shawnee-kansas
shaw-washington-dc
sheboygan-wisconsin
sheffield-alabama
shelby-north-carolina
shelbyville-indiana
shelton-connecticut
sheridan-wyoming
sherman-texas
shoreline-washington
show-low-arizona
shreveport-louisiana
sierra-madre-california
sierra-vista-arizona
signal-hill-california
siloam-springs-arkansas
silver-spring-maryland
simi-valley-california
sioux-city-iowa
sioux-falls-south-dakota
sitka-alaska
skokie-illinois
slidell-louisiana
smyrna-delaware
smyrna-georgia
smyrna-tennessee
snellville-georgia
snyder-texas
solana-beach-california
soldotna-alaska
soledad-california
solvang-california
somerton-arizona
somerville-massachusetts
sonoma-california
sonora-california
sopchoppy-florida
soperton-georgia
southaven-mississippi
south-bay-florida
south-bend-indiana
south-burlington-vermont
south-daytona-florida
south-elgin-illinois
south-el-monte-california
southfield-michigan
south-gate-california
southington-connecticut
south-lake-tahoe-california
southlake-texas
south-miami-florida
south-pasadena-california
south-pasadena-florida
south-portland-maine
south-san-francisco-california
southwest-ranches-florida
sparks-nevada
spartanburg-south-carolina
spokane-valley-washington
spokane-washington
springdale-arkansas
springfield-florida
springfield-illinois
springfield-massachusetts
springfield-missouri
springfield-ohio
springfield-oregon
st.-albans-vermont
st.-george-utah
st.-petersburg-florida
st-albans-vermont
stamford-connecticut
stanton-california
starke-florida
starkville-mississippi
state-college-pennsylvania
statesboro-georgia
statesville-north-carolina
statham-georgia
st-augustine-beach-florida
st-augustine-florida
st-charles-illinois
st-charles-missouri
st-clair-shores-michigan
st-cloud-florida
st-cloud-minnesota
steamboat-springs-colorado
sterling-colorado
sterling-heights-michigan
steubenville-ohio
st-george-utah
st-helena-california
stillwater-oklahoma
st-joseph-missouri
st-louis-missouri
stockbridge-georgia
stockton-california
stone-mountain-georgia
stow-ohio
st-paul-minnesota
st-pete-beach-florida
st-petersburg-florida
st-peters-missouri
stratford-connecticut
streamwood-illinois
strongsville-ohio
stuart-florida
stuttgart-arkansas
suffolk-virginia
sugar-land-texas
suisun-city-california
sulphur-louisiana
summerville-south-carolina
sumter-south-carolina
sunny-isles-beach-florida
sunnyvale-california
sunrise-florida
surfside-florida
surprise-arizona
susanville-california
suwanee-georgia
swainsboro-georgia
sweetwater-florida
sycamore-illinois
sylacauga-alabama
sylvania-georgia
sylvester-georgia
syracuse-new-york
tacoma-washington
taft-california
talbotton-georgia
talladega-alabama
tallahassee-florida
tamarac-florida
tampa-florida
tarpon-springs-florida
taunton-massachusetts
tavares-florida
taylor-michigan
taylorsville-utah
tehachapi-california
temecula-california
tempe-arizona
temple-city-california
temple-terrace-florida
temple-texas
tequesta-florida
terre-haute-indiana
terrell-texas
texa-
texarkana-arkansas
texarkana-texas
texas-city-texas
the-colony-texas
the-dalles-oregon
thomasville-alabama
thomasville-georgia
thomasville-north-carolina
thomson-georgia
thornton-colorado
thousand-oaks-california
tiburon-california
tifton-georgia
tigard-oregon
tinley-park-illinois
titusville-florida
toccoa-georgia
toledo-ohio
tomball-texas
tonawanda-new-york
topeka-kansas
torrance-california
torrington-connecticut
towson-maryland
tracy-california
treasure-island-florida
trenton-florida
trenton-georgia
trenton-new-jersey
trinidad-colorado
troy-alabama
troy-michigan
troy-new-york
troy-ohio
truckee-california
trumbull-connecticut
trussville-alabama
tucker-georgia
tucson-arizona
tukwila-washington
tulare-california
tulsa-oklahoma
tumwater-washington
tunnel-hill-georgia
tupelo-mississippi
turlock-california
tuscaloosa-alabama
tuscumbia-alabama
tuskegee-alabama
tustin-california
twentynine-palms-california
twin-falls
twin-falls-idaho
tyler-texas
tyrone-georgia
ukiah-california
umatilla-florida
unalaska-alaska
union-city-california
union-city-georgia
union-city-new-jersey
universal-city-texas
university-place-washington
upland-california
upper-arlington-ohio
urbana-illinois
urbandale-iowa
utica-new-york
vacaville-california
vail-colorado
valdez-alaska
valdosta-georgia
vallejo-california
valparaiso-florida
valparaiso-indiana
van-buren-arkansas
vancouver-washington
venice-florida
ventura-california
vernon-california
vernon-connecticut
vernon-hills-illinois
vero-beach-florida
vestavia-hills-alabama
vicksburg-mississippi
victoria-texas
victorville-california
vidalia-georgia
viera-florida
village-of-golf-florida
villa-park-california
villa-rica-georgia
vincennes-indiana
vineland-new-jersey
virginia-beach-virginia
visalia-california
vista-california
wabash-indiana
waco-texas
wadley-georgia
wadsworth-ohio
wahpeton-north-dakota
wailuku-hawaii
wakefield-massachusetts
waldorf-maryland
walla-walla-washington
wallingford-connecticut
walnut-california
walnut-creek-california
waltham-massachusetts
warner-robins-georgia
warren-arkansas
warren-michigan
warren-ohio
warrensburg-missouri
warsaw-indiana
warwick-rhode-island
wasco-california
washington-district-of-columbia
washington-georgia
washington-indiana
washington-washington-dc
wasilla-alaska
waterbury-connecticut
waterford-california
waterloo-iowa
watertown-massachusetts
watertown-new-york
watertown-south-dakota
waterville-maine
watkinsville-georgia
watsonville-california
wauchula-florida
waukegan-illinois
waukesha-wisconsin
wausau-florida
wausau-wisconsin
waxahachie-texas
waycross
waycross-georgia
waynesboro-georgia
weatherford-texas
webster-florida
weed-california
weeki-wachee-florida
weirton-west-virginia
weiser-idaho
welaka-florida
wellesley-massachusetts
wellington-florida
wenatchee-washington
weslaco-texas
wesley-chapel-florida
west-chester-pennsylvania
west-covina-california
west-des-moines
west-des-moines-iowa
westerville-ohio
westfield-indiana
westfield-massachusetts
west-hartford-connecticut
west-haven-connecticut
west-hollywood-california
west-jordan-utah
westlake-ohio
westlake-village-california
westland-michigan
west-melbourne-florida
west-memphis-arkansas
westminster-california
westminster-colorado
westminster-maryland
west-new-york-new-jersey
weston-florida
west-palm-beach-florida
west-park-florida
west-point-georgia
westport-connecticut
west-sacramento-california
west-valley-city-utah
wethersfield-connecticut
wewahitchka-florida
wheatland-california
wheaton-illinois
wheat-ridge-colorado
wheeling
wheeling-illinois
wheeling-west-virginia
white-plains-new-york
white-springs-florida
whittier-california
wichita-falls-texas
wichita-kansas
wildomar-california
wildwood-florida
wilkes-barre-pennsylvania
williamsburg-virginia
williamsport-pennsylvania
willimantic-connecticut
willis-texas
williston-florida
williston-north-dakota
willows-california
wilmette-illinois
wilmington-delaware
wilmington-island-florida
wilmington-north-carolina
wilson-north-carolina
winder-georgia
window-rock-arizona
windsor-california
windsor-connecticut
windsor-locks-connecticut
winnemucca-nevada
winslow-arizona
winsted-connecticut
winston-salem-north-carolina
winter-garden-florida
winter-haven-florida
winter-park-florida
winters-california
winter-springs
winter-springs-florida
woodbridge-new-jersey
woodbridge-virginia
woodbury-minnesota
woodlake-california
woodland-california
woodridge-illinois
woodside-california
woodstock-georgia
woodstock-illinois
woodway-texas
woonsocket-rhode-island
worcester-massachusetts
worthington-ohio
wrightsville-georgia
wyoming-michigan
yakima-washington
yankeetown-florida
yankton-south-dakota
yonkers-new-york
yorba-linda-california
york
york-pennsylvania
youngstown-ohio
yountville-california
yreka-california
yuba-city-california
yucaipa-california
yucca-valley-california
yuma-arizona
zanesville-ohio
zephyrhills-florida
zion-illinois
zionsville-indiana
