[
  {
    "name": "Auburn",
    "slug": "auburn-alabama"
  },
  {
    "name": "Birmingham",
    "slug": "birmingham-alabama"
  },
  {
    "name": "Decatur",
    "slug": "decatur-alabama"
  },
  {
    "name": "Dothan",
    "slug": "dothan-alabama"
  },
  {
    "name": "Gadsden",
    "slug": "gadsden-alabama"
  },
  {
    "name": "Hoover",
    "slug": "hoover-alabama"
  },
  {
    "name": "Huntsville",
    "slug": "huntsville-alabama"
  },
  {
    "name": "Mobile",
    "slug": "mobile-alabama"
  },
  {
    "name": "Montgomery",
    "slug": "montgomery-alabama"
  },
  {
    "name": "Tuscaloosa",
    "slug": "tuscaloosa-alabama"
  },
  {
    "name": "Prattville",
    "slug": "prattville-alabama"
  },
  {
    "name": "Opelika",
    "slug": "opelika-alabama"
  },
  {
    "name": "Bessemer",
    "slug": "bessemer-alabama"
  },
  {
    "name": "Prichard",
    "slug": "prichard-alabama"
  },
  {
    "name": "Athens",
    "slug": "athens-alabama"
  },
  {
    "name": "Cullman",
    "slug": "cullman-alabama"
  },
  {
    "name": "Enterprise",
    "slug": "enterprise-alabama"
  },
  {
    "name": "Florence",
    "slug": "florence-alabama"
  },
  {
    "name": "Guntersville",
    "slug": "guntersville-alabama"
  },
  {
    "name": "Madison",
    "slug": "madison-alabama"
  },
  {
    "name": "Oxford",
    "slug": "oxford-alabama"
  },
  {
    "name": "Phenix City",
    "slug": "phenix-city-alabama"
  },
  {
    "name": "Selma",
    "slug": "selma-alabama"
  },
  {
    "name": "Sheffield",
    "slug": "sheffield-alabama"
  },
  {
    "name": "Sylacauga",
    "slug": "sylacauga-alabama"
  },
  {
    "name": "Talladega",
    "slug": "talladega-alabama"
  },
  {
    "name": "Troy",
    "slug": "troy-alabama"
  },
  {
    "name": "Anchorage",
    "slug": "anchorage-alaska"
  },
  {
    "name": "Fairbanks",
    "slug": "fairbanks-alaska"
  },
  {
    "name": "Juneau",
    "slug": "juneau-alaska"
  },
  {
    "name": "Wasilla",
    "slug": "wasilla-alaska"
  },
  {
    "name": "Sitka",
    "slug": "sitka-alaska"
  },
  {
    "name": "Kenai",
    "slug": "kenai-alaska"
  },
  {
    "name": "Ketchikan",
    "slug": "ketchikan-alaska"
  },
  {
    "name": "Kodiak",
    "slug": "kodiak-alaska"
  },
  {
    "name": "Palmer",
    "slug": "palmer-alaska"
  },
  {
    "name": "Homer",
    "slug": "homer-alaska"
  },
  {
    "name": "Soldotna",
    "slug": "soldotna-alaska"
  },
  {
    "name": "Bethel",
    "slug": "bethel-alaska"
  },
  {
    "name": "Dillingham",
    "slug": "dillingham-alaska"
  },
  {
    "name": "Nome",
    "slug": "nome-alaska"
  },
  {
    "name": "Unalaska",
    "slug": "unalaska-alaska"
  },
  {
    "name": "Valdez",
    "slug": "valdez-alaska"
  },
  {
    "name": "Avondale",
    "slug": "avondale-arizona"
  },
  {
    "name": "Buckeye",
    "slug": "buckeye-arizona"
  },
  {
    "name": "Casa Grande",
    "slug": "casa-grande-arizona"
  },
  {
    "name": "Chandler",
    "slug": "chandler-arizona"
  },
  {
    "name": "Gilbert",
    "slug": "gilbert-arizona"
  },
  {
    "name": "Glendale",
    "slug": "glendale-arizona"
  },
  {
    "name": "Goodyear",
    "slug": "goodyear-arizona"
  },
  {
    "name": "Maricopa",
    "slug": "maricopa-arizona"
  },
  {
    "name": "Mesa",
    "slug": "mesa-arizona"
  },
  {
    "name": "Peoria",
    "slug": "peoria-arizona"
  },
  {
    "name": "Phoenix",
    "slug": "phoenix-arizona"
  },
  {
    "name": "Prescott",
    "slug": "prescott-arizona"
  },
  {
    "name": "Prescott Valley",
    "slug": "prescott-valley-arizona"
  },
  {
    "name": "Scottsdale",
    "slug": "scottsdale-arizona"
  },
  {
    "name": "Sierra Vista",
    "slug": "sierra-vista-arizona"
  },
  {
    "name": "Surprise",
    "slug": "surprise-arizona"
  },
  {
    "name": "Tempe",
    "slug": "tempe-arizona"
  },
  {
    "name": "Tucson",
    "slug": "tucson-arizona"
  },
  {
    "name": "Flagstaff",
    "slug": "flagstaff-arizona"
  },
  {
    "name": "Yuma",
    "slug": "yuma-arizona"
  },
  {
    "name": "Apache Junction",
    "slug": "apache-junction-arizona"
  },
  {
    "name": "Bullhead City",
    "slug": "bullhead-city-arizona"
  },
  {
    "name": "Lake Havasu City",
    "slug": "lake-havasu-city-arizona"
  },
  {
    "name": "Nogales",
    "slug": "nogales-arizona"
  },
  {
    "name": "Sahuarita",
    "slug": "sahuarita-arizona"
  },
  {
    "name": "Douglas",
    "slug": "douglas-arizona"
  },
  {
    "name": "Kingman",
    "slug": "kingman-arizona"
  },
  {
    "name": "Page",
    "slug": "page-arizona"
  },
  {
    "name": "Sedona",
    "slug": "sedona-arizona"
  },
  {
    "name": "Show Low",
    "slug": "show-low-arizona"
  },
  {
    "name": "Winslow",
    "slug": "winslow-arizona"
  },
  {
    "name": "Bentonville",
    "slug": "bentonville-arkansas"
  },
  {
    "name": "Conway",
    "slug": "conway-arkansas"
  },
  {
    "name": "Fayetteville",
    "slug": "fayetteville-arkansas"
  },
  {
    "name": "Fort Smith",
    "slug": "fort-smith-arkansas"
  },
  {
    "name": "Hot Springs",
    "slug": "hot-springs-arkansas"
  },
  {
    "name": "Jonesboro",
    "slug": "jonesboro-arkansas"
  },
  {
    "name": "Little Rock",
    "slug": "little-rock-arkansas"
  },
  {
    "name": "North Little Rock",
    "slug": "north-little-rock-arkansas"
  },
  {
    "name": "Pine Bluff",
    "slug": "pine-bluff-arkansas"
  },
  {
    "name": "Rogers",
    "slug": "rogers-arkansas"
  },
  {
    "name": "Springdale",
    "slug": "springdale-arkansas"
  },
  {
    "name": "Texarkana",
    "slug": "texarkana-arkansas"
  },
  {
    "name": "West Memphis",
    "slug": "west-memphis-arkansas"
  },
  {
    "name": "Paragould",
    "slug": "paragould-arkansas"
  },
  {
    "name": "Cabot",
    "slug": "cabot-arkansas"
  },
  {
    "name": "Searcy",
    "slug": "searcy-arkansas"
  },
  {
    "name": "Batesville",
    "slug": "batesville-arkansas"
  },
  {
    "name": "Blytheville",
    "slug": "blytheville-arkansas"
  },
  {
    "name": "Camden",
    "slug": "camden-arkansas"
  },
  {
    "name": "El Dorado",
    "slug": "el-dorado-arkansas"
  },
  {
    "name": "Forrest City",
    "slug": "forrest-city-arkansas"
  },
  {
    "name": "Harrison",
    "slug": "harrison-arkansas"
  },
  {
    "name": "Helena",
    "slug": "helena-arkansas"
  },
  {
    "name": "Hope",
    "slug": "hope-arkansas"
  },
  {
    "name": "Magnolia",
    "slug": "magnolia-arkansas"
  },
  {
    "name": "Malvern",
    "slug": "malvern-arkansas"
  },
  {
    "name": "Mountain Home",
    "slug": "mountain-home-arkansas"
  },
  {
    "name": "Newport",
    "slug": "newport-arkansas"
  },
  {
    "name": "Osceola",
    "slug": "osceola-arkansas"
  },
  {
    "name": "Russellville",
    "slug": "russellville-arkansas"
  },
  {
    "name": "Stuttgart",
    "slug": "stuttgart-arkansas"
  },
  {
    "name": "Van Buren",
    "slug": "van-buren-arkansas"
  },
  {
    "name": "Warren",
    "slug": "warren-arkansas"
  },
  {
    "name": "Anaheim",
    "slug": "anaheim-california"
  },
  {
    "name": "Antioch",
    "slug": "antioch-california"
  },
  {
    "name": "Bakersfield",
    "slug": "bakersfield-california"
  },
  {
    "name": "Berkeley",
    "slug": "berkeley-california"
  },
  {
    "name": "Burbank",
    "slug": "burbank-california"
  },
  {
    "name": "Carlsbad",
    "slug": "carlsbad-california"
  },
  {
    "name": "Chula Vista",
    "slug": "chula-vista-california"
  },
  {
    "name": "Clovis",
    "slug": "clovis-california"
  },
  {
    "name": "Compton",
    "slug": "compton-california"
  },
  {
    "name": "Concord",
    "slug": "concord-california"
  },
  {
    "name": "Corona",
    "slug": "corona-california"
  },
  {
    "name": "Costa Mesa",
    "slug": "costa-mesa-california"
  },
  {
    "name": "Daly City",
    "slug": "daly-city-california"
  },
  {
    "name": "Downey",
    "slug": "downey-california"
  },
  {
    "name": "El Monte",
    "slug": "el-monte-california"
  },
  {
    "name": "Elk Grove",
    "slug": "elk-grove-california"
  },
  {
    "name": "Escondido",
    "slug": "escondido-california"
  },
  {
    "name": "Fairfield",
    "slug": "fairfield-california"
  },
  {
    "name": "Fontana",
    "slug": "fontana-california"
  },
  {
    "name": "Fremont",
    "slug": "fremont-california"
  },
  {
    "name": "Fresno",
    "slug": "fresno-california"
  },
  {
    "name": "Fullerton",
    "slug": "fullerton-california"
  },
  {
    "name": "Garden Grove",
    "slug": "garden-grove-california"
  },
  {
    "name": "Glendale",
    "slug": "glendale-california"
  },
  {
    "name": "Hayward",
    "slug": "hayward-california"
  },
  {
    "name": "Huntington Beach",
    "slug": "huntington-beach-california"
  },
  {
    "name": "Inglewood",
    "slug": "inglewood-california"
  },
  {
    "name": "Irvine",
    "slug": "irvine-california"
  },
  {
    "name": "Lancaster",
    "slug": "lancaster-california"
  },
  {
    "name": "Jurupa Valley",
    "slug": "jurupa-valley-california"
  },
  {
    "name": "Lakewood",
    "slug": "lakewood-california"
  },
  {
    "name": "Long Beach",
    "slug": "long-beach-california"
  },
  {
    "name": "Los Angeles",
    "slug": "los-angeles-california"
  },
  {
    "name": "Modesto",
    "slug": "modesto-california"
  },
  {
    "name": "Moreno Valley",
    "slug": "moreno-valley-california"
  },
  {
    "name": "Mountain View",
    "slug": "mountain-view-california"
  },
  {
    "name": "Murrieta",
    "slug": "murrieta-california"
  },
  {
    "name": "Napa",
    "slug": "napa-california"
  },
  {
    "name": "Newport Beach",
    "slug": "newport-beach-california"
  },
  {
    "name": "Norwalk",
    "slug": "norwalk-california"
  },
  {
    "name": "Oakland",
    "slug": "oakland-california"
  },
  {
    "name": "Oceanside",
    "slug": "oceanside-california"
  },
  {
    "name": "Ontario",
    "slug": "ontario-california"
  },
  {
    "name": "Orange",
    "slug": "orange-california"
  },
  {
    "name": "Oxnard",
    "slug": "oxnard-california"
  },
  {
    "name": "Palm Desert",
    "slug": "palm-desert-california"
  },
  {
    "name": "Palm Springs",
    "slug": "palm-springs-california"
  },
  {
    "name": "Palmdale",
    "slug": "palmdale-california"
  },
  {
    "name": "Pasadena",
    "slug": "pasadena-california"
  },
  {
    "name": "Pomona",
    "slug": "pomona-california"
  },
  {
    "name": "Rancho Cucamonga",
    "slug": "rancho-cucamonga-california"
  },
  {
    "name": "Rialto",
    "slug": "rialto-california"
  },
  {
    "name": "Richmond",
    "slug": "richmond-california"
  },
  {
    "name": "Riverside",
    "slug": "riverside-california"
  },
  {
    "name": "Roseville",
    "slug": "roseville-california"
  },
  {
    "name": "Sacramento",
    "slug": "sacramento-california"
  },
  {
    "name": "Salinas",
    "slug": "salinas-california"
  },
  {
    "name": "San Bernardino",
    "slug": "san-bernardino-california"
  },
  {
    "name": "San Diego",
    "slug": "san-diego-california"
  },
  {
    "name": "Santa Clara",
    "slug": "santa-clara-california"
  },
  {
    "name": "San Francisco",
    "slug": "san-francisco-california"
  },
  {
    "name": "San Jose",
    "slug": "san-jose-california"
  },
  {
    "name": "Santa Ana",
    "slug": "santa-ana-california"
  },
  {
    "name": "Santa Clarita",
    "slug": "santa-clarita-california"
  },
  {
    "name": "Santa Maria",
    "slug": "santa-maria-california"
  },
  {
    "name": "Simi Valley",
    "slug": "simi-valley-california"
  },
  {
    "name": "Stockton",
    "slug": "stockton-california"
  },
  {
    "name": "Sunnyvale",
    "slug": "sunnyvale-california"
  },
  {
    "name": "Temecula",
    "slug": "temecula-california"
  },
  {
    "name": "Thousand Oaks",
    "slug": "thousand-oaks-california"
  },
  {
    "name": "Torrance",
    "slug": "torrance-california"
  },
  {
    "name": "Vallejo",
    "slug": "vallejo-california"
  },
  {
    "name": "Ventura",
    "slug": "ventura-california"
  },
  {
    "name": "Victorville",
    "slug": "victorville-california"
  },
  {
    "name": "Visalia",
    "slug": "visalia-california"
  },
  {
    "name": "West Covina",
    "slug": "west-covina-california"
  },
  {
    "name": "Alhambra",
    "slug": "alhambra-california"
  },
  {
    "name": "Carson",
    "slug": "carson-california"
  },
  {
    "name": "Chico",
    "slug": "chico-california"
  },
  {
    "name": "Hawthorne",
    "slug": "hawthorne-california"
  },
  {
    "name": "Redding",
    "slug": "redding-california"
  },
  {
    "name": "San Mateo",
    "slug": "san-mateo-california"
  },
  {
    "name": "Santa Barbara",
    "slug": "santa-barbara-california"
  },
  {
    "name": "Santa Rosa",
    "slug": "santa-rosa-california"
  },
  {
    "name": "Vacaville",
    "slug": "vacaville-california"
  },
  {
    "name": "Whittier",
    "slug": "whittier-california"
  },
  {
    "name": "El Cajon",
    "slug": "el-cajon-california"
  },
  {
    "name": "Mission Viejo",
    "slug": "mission-viejo-california"
  },
  {
    "name": "San Angelo",
    "slug": "san-angelo-california"
  },
  {
    "name": "South Gate",
    "slug": "south-gate-california"
  },
  {
    "name": "Vista",
    "slug": "vista-california"
  },
  {
    "name": "Baldwin Park",
    "slug": "baldwin-park-california"
  },
  {
    "name": "Bellflower",
    "slug": "bellflower-california"
  },
  {
    "name": "Citrus Heights",
    "slug": "citrus-heights-california"
  },
  {
    "name": "Cypress",
    "slug": "cypress-california"
  },
  {
    "name": "Diamond Bar",
    "slug": "diamond-bar-california"
  },
  {
    "name": "East Los Angeles",
    "slug": "east-los-angeles-california"
  },
  {
    "name": "El Centro",
    "slug": "el-centro-california"
  },
  {
    "name": "Hanford",
    "slug": "hanford-california"
  },
  {
    "name": "Hemet",
    "slug": "hemet-california"
  },
  {
    "name": "Hesperia",
    "slug": "hesperia-california"
  },
  {
    "name": "Indio",
    "slug": "indio-california"
  },
  {
    "name": "La Habra",
    "slug": "la-habra-california"
  },
  {
    "name": "La Mesa",
    "slug": "la-mesa-california"
  },
  {
    "name": "La Puente",
    "slug": "la-puente-california"
  },
  {
    "name": "Lodi",
    "slug": "lodi-california"
  },
  {
    "name": "Madera",
    "slug": "madera-california"
  },
  {
    "name": "Menifee",
    "slug": "menifee-california"
  },
  {
    "name": "Monterey Park",
    "slug": "monterey-park-california"
  },
  {
    "name": "National City",
    "slug": "national-city-california"
  },
  {
    "name": "Petaluma",
    "slug": "petaluma-california"
  },
  {
    "name": "Redwood City",
    "slug": "redwood-city-california"
  },
  {
    "name": "San Leandro",
    "slug": "san-leandro-california"
  },
  {
    "name": "San Rafael",
    "slug": "san-rafael-california"
  },
  {
    "name": "Santa Monica",
    "slug": "santa-monica-california"
  },
  {
    "name": "Tulare",
    "slug": "tulare-california"
  },
  {
    "name": "Turlock",
    "slug": "turlock-california"
  },
  {
    "name": "Union City",
    "slug": "union-city-california"
  },
  {
    "name": "Watsonville",
    "slug": "watsonville-california"
  },
  {
    "name": "Westminster",
    "slug": "westminster-california"
  },
  {
    "name": "Alameda",
    "slug": "alameda-california"
  },
  {
    "name": "Arcadia",
    "slug": "arcadia-california"
  },
  {
    "name": "Arvin",
    "slug": "arvin-california"
  },
  {
    "name": "Atascadero",
    "slug": "atascadero-california"
  },
  {
    "name": "Azusa",
    "slug": "azusa-california"
  },
  {
    "name": "Banning",
    "slug": "banning-california"
  },
  {
    "name": "Barstow",
    "slug": "barstow-california"
  },
  {
    "name": "Beaumont",
    "slug": "beaumont-california"
  },
  {
    "name": "Bell Gardens",
    "slug": "bell-gardens-california"
  },
  {
    "name": "Brawley",
    "slug": "brawley-california"
  },
  {
    "name": "Buena Park",
    "slug": "buena-park-california"
  },
  {
    "name": "Calexico",
    "slug": "calexico-california"
  },
  {
    "name": "Calimesa",
    "slug": "calimesa-california"
  },
  {
    "name": "Camarillo",
    "slug": "camarillo-california"
  },
  {
    "name": "Ceres",
    "slug": "ceres-california"
  },
  {
    "name": "Chino Hills",
    "slug": "chino-hills-california"
  },
  {
    "name": "Coachella",
    "slug": "coachella-california"
  },
  {
    "name": "Coronado",
    "slug": "coronado-california"
  },
  {
    "name": "Cudahy",
    "slug": "cudahy-california"
  },
  {
    "name": "Culver City",
    "slug": "culver-city-california"
  },
  {
    "name": "Delano",
    "slug": "delano-california"
  },
  {
    "name": "Dinuba",
    "slug": "dinuba-california"
  },
  {
    "name": "El Cerrito",
    "slug": "el-cerrito-california"
  },
  {
    "name": "El Segundo",
    "slug": "el-segundo-california"
  },
  {
    "name": "Emeryville",
    "slug": "emeryville-california"
  },
  {
    "name": "Encinitas",
    "slug": "encinitas-california"
  },
  {
    "name": "Folsom",
    "slug": "folsom-california"
  },
  {
    "name": "Fountain Valley",
    "slug": "fountain-valley-california"
  },
  {
    "name": "Glendora",
    "slug": "glendora-california"
  },
  {
    "name": "Goleta",
    "slug": "goleta-california"
  },
  {
    "name": "Hawaiian Gardens",
    "slug": "hawaiian-gardens-california"
  },
  {
    "name": "Hercules",
    "slug": "hercules-california"
  },
  {
    "name": "Huntington Park",
    "slug": "huntington-park-california"
  },
  {
    "name": "Imperial Beach",
    "slug": "imperial-beach-california"
  },
  {
    "name": "La Canada Flintridge",
    "slug": "la-canada-flintridge-california"
  },
  {
    "name": "La Mirada",
    "slug": "la-mirada-california"
  },
  {
    "name": "La Quinta",
    "slug": "la-quinta-california"
  },
  {
    "name": "Laguna Beach",
    "slug": "laguna-beach-california"
  },
  {
    "name": "Laguna Hills",
    "slug": "laguna-hills-california"
  },
  {
    "name": "Laguna Niguel",
    "slug": "laguna-niguel-california"
  },
  {
    "name": "Lake Elsinore",
    "slug": "lake-elsinore-california"
  },
  {
    "name": "Larkspur",
    "slug": "larkspur-california"
  },
  {
    "name": "Lemon Grove",
    "slug": "lemon-grove-california"
  },
  {
    "name": "Lomita",
    "slug": "lomita-california"
  },
  {
    "name": "Los Gatos",
    "slug": "los-gatos-california"
  },
  {
    "name": "Lynwood",
    "slug": "lynwood-california"
  },
  {
    "name": "Manhattan Beach",
    "slug": "manhattan-beach-california"
  },
  {
    "name": "Millbrae",
    "slug": "millbrae-california"
  },
  {
    "name": "Mill Valley",
    "slug": "mill-valley-california"
  },
  {
    "name": "Monrovia",
    "slug": "monrovia-california"
  },
  {
    "name": "Montclair",
    "slug": "montclair-california"
  },
  {
    "name": "Morgan Hill",
    "slug": "morgan-hill-california"
  },
  {
    "name": "Newark",
    "slug": "newark-california"
  },
  {
    "name": "Oakdale",
    "slug": "oakdale-california"
  },
  {
    "name": "Pacifica",
    "slug": "pacifica-california"
  },
  {
    "name": "Palo Alto",
    "slug": "palo-alto-california"
  },
  {
    "name": "Paramount",
    "slug": "paramount-california"
  },
  {
    "name": "Pico Rivera",
    "slug": "pico-rivera-california"
  },
  {
    "name": "Pittsburg",
    "slug": "pittsburg-california"
  },
  {
    "name": "Placentia",
    "slug": "placentia-california"
  },
  {
    "name": "Pleasanton",
    "slug": "pleasanton-california"
  },
  {
    "name": "Poway",
    "slug": "poway-california"
  },
  {
    "name": "Rancho Palos Verdes",
    "slug": "rancho-palos-verdes-california"
  },
  {
    "name": "Redondo Beach",
    "slug": "redondo-beach-california"
  },
  {
    "name": "Reedley",
    "slug": "reedley-california"
  },
  {
    "name": "Ridgecrest",
    "slug": "ridgecrest-california"
  },
  {
    "name": "Rio Vista",
    "slug": "rio-vista-california"
  },
  {
    "name": "Rohnert Park",
    "slug": "rohnert-park-california"
  },
  {
    "name": "Rosemead",
    "slug": "rosemead-california"
  },
  {
    "name": "San Bruno",
    "slug": "san-bruno-california"
  },
  {
    "name": "San Carlos",
    "slug": "san-carlos-california"
  },
  {
    "name": "San Fernando",
    "slug": "san-fernando-california"
  },
  {
    "name": "San Gabriel",
    "slug": "san-gabriel-california"
  },
  {
    "name": "San Jacinto",
    "slug": "san-jacinto-california"
  },
  {
    "name": "San Luis Obispo",
    "slug": "san-luis-obispo-california"
  },
  {
    "name": "San Pablo",
    "slug": "san-pablo-california"
  },
  {
    "name": "San Ramon",
    "slug": "san-ramon-california"
  },
  {
    "name": "Sanger",
    "slug": "sanger-california"
  },
  {
    "name": "Santa Cruz",
    "slug": "santa-cruz-california"
  },
  {
    "name": "Santa Paula",
    "slug": "santa-paula-california"
  },
  {
    "name": "Saratoga",
    "slug": "saratoga-california"
  },
  {
    "name": "Seal Beach",
    "slug": "seal-beach-california"
  },
  {
    "name": "Selma",
    "slug": "selma-california"
  },
  {
    "name": "Signal Hill",
    "slug": "signal-hill-california"
  },
  {
    "name": "Solana Beach",
    "slug": "solana-beach-california"
  },
  {
    "name": "Soledad",
    "slug": "soledad-california"
  },
  {
    "name": "Sonoma",
    "slug": "sonoma-california"
  },
  {
    "name": "South El Monte",
    "slug": "south-el-monte-california"
  },
  {
    "name": "South Pasadena",
    "slug": "south-pasadena-california"
  },
  {
    "name": "South San Francisco",
    "slug": "south-san-francisco-california"
  },
  {
    "name": "Suisun City",
    "slug": "suisun-city-california"
  },
  {
    "name": "Temple City",
    "slug": "temple-city-california"
  },
  {
    "name": "Tiburon",
    "slug": "tiburon-california"
  },
  {
    "name": "Tracy",
    "slug": "tracy-california"
  },
  {
    "name": "Tustin",
    "slug": "tustin-california"
  },
  {
    "name": "Ukiah",
    "slug": "ukiah-california"
  },
  {
    "name": "Upland",
    "slug": "upland-california"
  },
  {
    "name": "Walnut",
    "slug": "walnut-california"
  },
  {
    "name": "Walnut Creek",
    "slug": "walnut-creek-california"
  },
  {
    "name": "Wasco",
    "slug": "wasco-california"
  },
  {
    "name": "West Hollywood",
    "slug": "west-hollywood-california"
  },
  {
    "name": "Wheatland",
    "slug": "wheatland-california"
  },
  {
    "name": "Willows",
    "slug": "willows-california"
  },
  {
    "name": "Windsor",
    "slug": "windsor-california"
  },
  {
    "name": "Woodland",
    "slug": "woodland-california"
  },
  {
    "name": "Yorba Linda",
    "slug": "yorba-linda-california"
  },
  {
    "name": "Yuba City",
    "slug": "yuba-city-california"
  },
  {
    "name": "Yucaipa",
    "slug": "yucaipa-california"
  },
  {
    "name": "Yucca Valley",
    "slug": "yucca-valley-california"
  },
  {
    "name": "Adelanto",
    "slug": "adelanto-california"
  },
  {
    "name": "Agoura Hills",
    "slug": "agoura-hills-california"
  },
  {
    "name": "Aliso Viejo",
    "slug": "aliso-viejo-california"
  },
  {
    "name": "Altadena",
    "slug": "altadena-california"
  },
  {
    "name": "Apple Valley",
    "slug": "apple-valley-california"
  },
  {
    "name": "Artesia",
    "slug": "artesia-california"
  },
  {
    "name": "Atherton",
    "slug": "atherton-california"
  },
  {
    "name": "Atwater",
    "slug": "atwater-california"
  },
  {
    "name": "Avalon",
    "slug": "avalon-california"
  },
  {
    "name": "Avenal",
    "slug": "avenal-california"
  },
  {
    "name": "Bell",
    "slug": "bell-california"
  },
  {
    "name": "Benicia",
    "slug": "benicia-california"
  },
  {
    "name": "Beverly Hills",
    "slug": "beverly-hills-california"
  },
  {
    "name": "Big Bear Lake",
    "slug": "big-bear-lake-california"
  },
  {
    "name": "Bishop",
    "slug": "bishop-california"
  },
  {
    "name": "Blythe",
    "slug": "blythe-california"
  },
  {
    "name": "Brea",
    "slug": "brea-california"
  },
  {
    "name": "Brentwood",
    "slug": "brentwood-california"
  },
  {
    "name": "Burlingame",
    "slug": "burlingame-california"
  },
  {
    "name": "Calabasas",
    "slug": "calabasas-california"
  },
  {
    "name": "Campbell",
    "slug": "campbell-california"
  },
  {
    "name": "Canoga Park",
    "slug": "canoga-park-california"
  },
  {
    "name": "Capitola",
    "slug": "capitola-california"
  },
  {
    "name": "Carmel",
    "slug": "carmel-california"
  },
  {
    "name": "Carmel-by-the-Sea",
    "slug": "carmel-by-the-sea-california"
  },
  {
    "name": "Carpinteria",
    "slug": "carpinteria-california"
  },
  {
    "name": "Castro Valley",
    "slug": "castro-valley-california"
  },
  {
    "name": "Cathedral City",
    "slug": "cathedral-city-california"
  },
  {
    "name": "Cerritos",
    "slug": "cerritos-california"
  },
  {
    "name": "Chino",
    "slug": "chino-california"
  },
  {
    "name": "Claremont",
    "slug": "claremont-california"
  },
  {
    "name": "Clayton",
    "slug": "clayton-california"
  },
  {
    "name": "Clearlake",
    "slug": "clearlake-california"
  },
  {
    "name": "Cloverdale",
    "slug": "cloverdale-california"
  },
  {
    "name": "Colton",
    "slug": "colton-california"
  },
  {
    "name": "Colusa",
    "slug": "colusa-california"
  },
  {
    "name": "Commerce",
    "slug": "commerce-california"
  },
  {
    "name": "Corcoran",
    "slug": "corcoran-california"
  },
  {
    "name": "Corte Madera",
    "slug": "corte-madera-california"
  },
  {
    "name": "Cotati",
    "slug": "cotati-california"
  },
  {
    "name": "Covina",
    "slug": "covina-california"
  },
  {
    "name": "Crescent City",
    "slug": "crescent-city-california"
  },
  {
    "name": "Cupertino",
    "slug": "cupertino-california"
  },
  {
    "name": "Danville",
    "slug": "danville-california"
  },
  {
    "name": "Davis",
    "slug": "davis-california"
  },
  {
    "name": "Del Mar",
    "slug": "del-mar-california"
  },
  {
    "name": "Desert Hot Springs",
    "slug": "desert-hot-springs-california"
  },
  {
    "name": "Dixon",
    "slug": "dixon-california"
  },
  {
    "name": "Duarte",
    "slug": "duarte-california"
  },
  {
    "name": "Dublin",
    "slug": "dublin-california"
  },
  {
    "name": "East Palo Alto",
    "slug": "east-palo-alto-california"
  },
  {
    "name": "Escalon",
    "slug": "escalon-california"
  },
  {
    "name": "Eureka",
    "slug": "eureka-california"
  },
  {
    "name": "Exeter",
    "slug": "exeter-california"
  },
  {
    "name": "Fairfax",
    "slug": "fairfax-california"
  },
  {
    "name": "Fallbrook",
    "slug": "fallbrook-california"
  },
  {
    "name": "Fort Bragg",
    "slug": "fort-bragg-california"
  },
  {
    "name": "Fortuna",
    "slug": "fortuna-california"
  },
  {
    "name": "Foster City",
    "slug": "foster-city-california"
  },
  {
    "name": "Fowler",
    "slug": "fowler-california"
  },
  {
    "name": "Galt",
    "slug": "galt-california"
  },
  {
    "name": "Gardena",
    "slug": "gardena-california"
  },
  {
    "name": "Gilroy",
    "slug": "gilroy-california"
  },
  {
    "name": "Gonzales",
    "slug": "gonzales-california"
  },
  {
    "name": "Grand Terrace",
    "slug": "grand-terrace-california"
  },
  {
    "name": "Grass Valley",
    "slug": "grass-valley-california"
  },
  {
    "name": "Greenfield",
    "slug": "greenfield-california"
  },
  {
    "name": "Grover Beach",
    "slug": "grover-beach-california"
  },
  {
    "name": "Half Moon Bay",
    "slug": "half-moon-bay-california"
  },
  {
    "name": "Healdsburg",
    "slug": "healdsburg-california"
  },
  {
    "name": "Hermosa Beach",
    "slug": "hermosa-beach-california"
  },
  {
    "name": "Highland",
    "slug": "highland-california"
  },
  {
    "name": "Hollister",
    "slug": "hollister-california"
  },
  {
    "name": "Imperial",
    "slug": "imperial-california"
  },
  {
    "name": "Jackson",
    "slug": "jackson-california"
  },
  {
    "name": "La Palma",
    "slug": "la-palma-california"
  },
  {
    "name": "La Verne",
    "slug": "la-verne-california"
  },
  {
    "name": "Lafayette",
    "slug": "lafayette-california"
  },
  {
    "name": "Laguna Woods",
    "slug": "laguna-woods-california"
  },
  {
    "name": "Lake Forest",
    "slug": "lake-forest-california"
  },
  {
    "name": "Lakeport",
    "slug": "lakeport-california"
  },
  {
    "name": "Lathrop",
    "slug": "lathrop-california"
  },
  {
    "name": "Lawndale",
    "slug": "lawndale-california"
  },
  {
    "name": "Lincoln",
    "slug": "lincoln-california"
  },
  {
    "name": "Livermore",
    "slug": "livermore-california"
  },
  {
    "name": "Livingston",
    "slug": "livingston-california"
  },
  {
    "name": "Lompoc",
    "slug": "lompoc-california"
  },
  {
    "name": "Los Alamitos",
    "slug": "los-alamitos-california"
  },
  {
    "name": "Los Altos",
    "slug": "los-altos-california"
  },
  {
    "name": "Los Banos",
    "slug": "los-banos-california"
  },
  {
    "name": "Malibu",
    "slug": "malibu-california"
  },
  {
    "name": "Mammoth Lakes",
    "slug": "mammoth-lakes-california"
  },
  {
    "name": "Manteca",
    "slug": "manteca-california"
  },
  {
    "name": "Marina",
    "slug": "marina-california"
  },
  {
    "name": "Martinez",
    "slug": "martinez-california"
  },
  {
    "name": "Marysville",
    "slug": "marysville-california"
  },
  {
    "name": "Maywood",
    "slug": "maywood-california"
  },
  {
    "name": "McFarland",
    "slug": "mcfarland-california"
  },
  {
    "name": "Menlo Park",
    "slug": "menlo-park-california"
  },
  {
    "name": "Merced",
    "slug": "merced-california"
  },
  {
    "name": "Milpitas",
    "slug": "milpitas-california"
  },
  {
    "name": "Montebello",
    "slug": "montebello-california"
  },
  {
    "name": "Monterey",
    "slug": "monterey-california"
  },
  {
    "name": "Moorpark",
    "slug": "moorpark-california"
  },
  {
    "name": "Moraga",
    "slug": "moraga-california"
  },
  {
    "name": "Morro Bay",
    "slug": "morro-bay-california"
  },
  {
    "name": "Needles",
    "slug": "needles-california"
  },
  {
    "name": "Norco",
    "slug": "norco-california"
  },
  {
    "name": "Novato",
    "slug": "novato-california"
  },
  {
    "name": "Oakley",
    "slug": "oakley-california"
  },
  {
    "name": "Ojai",
    "slug": "ojai-california"
  },
  {
    "name": "Orange Cove",
    "slug": "orange-cove-california"
  },
  {
    "name": "Orinda",
    "slug": "orinda-california"
  },
  {
    "name": "Orland",
    "slug": "orland-california"
  },
  {
    "name": "Oroville",
    "slug": "oroville-california"
  },
  {
    "name": "Pacific Grove",
    "slug": "pacific-grove-california"
  },
  {
    "name": "Palos Verdes Estates",
    "slug": "palos-verdes-estates-california"
  },
  {
    "name": "Paradise",
    "slug": "paradise-california"
  },
  {
    "name": "Paso Robles",
    "slug": "paso-robles-california"
  },
  {
    "name": "Patterson",
    "slug": "patterson-california"
  },
  {
    "name": "Perris",
    "slug": "perris-california"
  },
  {
    "name": "Piedmont",
    "slug": "piedmont-california"
  },
  {
    "name": "Pinole",
    "slug": "pinole-california"
  },
  {
    "name": "Pismo Beach",
    "slug": "pismo-beach-california"
  },
  {
    "name": "Placerville",
    "slug": "placerville-california"
  },
  {
    "name": "Pleasant Hill",
    "slug": "pleasant-hill-california"
  },
  {
    "name": "Port Hueneme",
    "slug": "port-hueneme-california"
  },
  {
    "name": "Porterville",
    "slug": "porterville-california"
  },
  {
    "name": "Portola",
    "slug": "portola-california"
  },
  {
    "name": "Rancho Cordova",
    "slug": "rancho-cordova-california"
  },
  {
    "name": "Rancho Mirage",
    "slug": "rancho-mirage-california"
  },
  {
    "name": "Rancho Santa Margarita",
    "slug": "rancho-santa-margarita-california"
  },
  {
    "name": "Red Bluff",
    "slug": "red-bluff-california"
  },
  {
    "name": "Redlands",
    "slug": "redlands-california"
  },
  {
    "name": "Ripon",
    "slug": "ripon-california"
  },
  {
    "name": "Riverbank",
    "slug": "riverbank-california"
  },
  {
    "name": "Rocklin",
    "slug": "rocklin-california"
  },
  {
    "name": "Rolling Hills",
    "slug": "rolling-hills-california"
  },
  {
    "name": "Rolling Hills Estates",
    "slug": "rolling-hills-estates-california"
  },
  {
    "name": "Ross",
    "slug": "ross-california"
  },
  {
    "name": "San Anselmo",
    "slug": "san-anselmo-california"
  },
  {
    "name": "San Clemente",
    "slug": "san-clemente-california"
  },
  {
    "name": "San Dimas",
    "slug": "san-dimas-california"
  },
  {
    "name": "San Juan Capistrano",
    "slug": "san-juan-capistrano-california"
  },
  {
    "name": "San Marcos",
    "slug": "san-marcos-california"
  },
  {
    "name": "San Marino",
    "slug": "san-marino-california"
  },
  {
    "name": "Santa Fe Springs",
    "slug": "santa-fe-springs-california"
  },
  {
    "name": "Santee",
    "slug": "santee-california"
  },
  {
    "name": "Sausalito",
    "slug": "sausalito-california"
  },
  {
    "name": "Scotts Valley",
    "slug": "scotts-valley-california"
  },
  {
    "name": "Seaside",
    "slug": "seaside-california"
  },
  {
    "name": "Sebastopol",
    "slug": "sebastopol-california"
  },
  {
    "name": "Shafter",
    "slug": "shafter-california"
  },
  {
    "name": "Shasta Lake",
    "slug": "shasta-lake-california"
  },
  {
    "name": "Sierra Madre",
    "slug": "sierra-madre-california"
  },
  {
    "name": "Solvang",
    "slug": "solvang-california"
  },
  {
    "name": "Sonora",
    "slug": "sonora-california"
  },
  {
    "name": "South Lake Tahoe",
    "slug": "south-lake-tahoe-california"
  },
  {
    "name": "St. Helena",
    "slug": "st-helena-california"
  },
  {
    "name": "Stanton",
    "slug": "stanton-california"
  },
  {
    "name": "Susanville",
    "slug": "susanville-california"
  },
  {
    "name": "Taft",
    "slug": "taft-california"
  },
  {
    "name": "Tehachapi",
    "slug": "tehachapi-california"
  },
  {
    "name": "Truckee",
    "slug": "truckee-california"
  }
]