[
  {
    "name": "Adelanto",
    "state": "California",
    "slug": "adelanto-california"
  },
  {
    "name": "Agoura Hills",
    "state": "California",
    "slug": "agoura-hills-california"
  },
  {
    "name": "Albany",
    "state": "California",
    "slug": "albany-california"
  },
  {
    "name": "Altadena",
    "state": "California",
    "slug": "altadena-california"
  },
  {
    "name": "Anderson",
    "state": "California",
    "slug": "anderson-california"
  },
  {
    "name": "Arroyo Grande",
    "state": "California",
    "slug": "arroyo-grande-california"
  },
  {
    "name": "Artesia",
    "state": "California",
    "slug": "artesia-california"
  },
  {
    "name": "Atherton",
    "state": "California",
    "slug": "atherton-california"
  },
  {
    "name": "Atwater",
    "state": "California",
    "slug": "atwater-california"
  },
  {
    "name": "Auburn",
    "state": "California",
    "slug": "auburn-california"
  },
  {
    "name": "Bell",
    "state": "California",
    "slug": "bell-california"
  },
  {
    "name": "Belmont",
    "state": "California",
    "slug": "belmont-california"
  },
  {
    "name": "Benicia",
    "state": "California",
    "slug": "benicia-california"
  },
  {
    "name": "Big Bear Lake",
    "state": "California",
    "slug": "big-bear-lake-california"
  },
  {
    "name": "Bishop",
    "state": "California",
    "slug": "bishop-california"
  },
  {
    "name": "Blythe",
    "state": "California",
    "slug": "blythe-california"
  },
  {
    "name": "Brentwood",
    "state": "California",
    "slug": "brentwood-california"
  },
  {
    "name": "Burlingame",
    "state": "California",
    "slug": "burlingame-california"
  },
  {
    "name": "Campbell",
    "state": "California",
    "slug": "campbell-california"
  },
  {
    "name": "Carmel",
    "state": "California",
    "slug": "carmel-california"
  },
  {
    "name": "Carmel-by-the-Sea",
    "state": "California",
    "slug": "carmel-by-the-sea-california"
  },
  {
    "name": "Carpinteria",
    "state": "California",
    "slug": "carpinteria-california"
  },
  {
    "name": "Clearlake",
    "state": "California",
    "slug": "clearlake-california"
  },
  {
    "name": "Cloverdale",
    "state": "California",
    "slug": "cloverdale-california"
  },
  {
    "name": "Colusa",
    "state": "California",
    "slug": "colusa-california"
  },
  {
    "name": "Commerce",
    "state": "California",
    "slug": "commerce-california"
  },
  {
    "name": "Corcoran",
    "state": "California",
    "slug": "corcoran-california"
  },
  {
    "name": "Crescent City",
    "state": "California",
    "slug": "crescent-city-california"
  },
  {
    "name": "Dana Point",
    "state": "California",
    "slug": "dana-point-california"
  },
  {
    "name": "Del Mar",
    "state": "California",
    "slug": "del-mar-california"
  },
  {
    "name": "Desert Hot Springs",
    "state": "California",
    "slug": "desert-hot-springs-california"
  },
  {
    "name": "Dixon",
    "state": "California",
    "slug": "dixon-california"
  },
  {
    "name": "Dunsmuir",
    "state": "California",
    "slug": "dunsmuir-california"
  },
  {
    "name": "East Palo Alto",
    "state": "California",
    "slug": "east-palo-alto-california"
  },
  {
    "name": "Escalon",
    "state": "California",
    "slug": "escalon-california"
  },
  {
    "name": "Etna",
    "state": "California",
    "slug": "etna-california"
  },
  {
    "name": "Eureka",
    "state": "California",
    "slug": "eureka-california"
  },
  {
    "name": "Exeter",
    "state": "California",
    "slug": "exeter-california"
  },
  {
    "name": "Fairfax",
    "state": "California",
    "slug": "fairfax-california"
  },
  {
    "name": "Farmersville",
    "state": "California",
    "slug": "farmersville-california"
  },
  {
    "name": "Ferndale",
    "state": "California",
    "slug": "ferndale-california"
  },
  {
    "name": "Fillmore",
    "state": "California",
    "slug": "fillmore-california"
  },
  {
    "name": "Firebaugh",
    "state": "California",
    "slug": "firebaugh-california"
  },
  {
    "name": "Fort Bragg",
    "state": "California",
    "slug": "fort-bragg-california"
  },
  {
    "name": "Fortuna",
    "state": "California",
    "slug": "fortuna-california"
  },
  {
    "name": "Fowler",
    "state": "California",
    "slug": "fowler-california"
  },
  {
    "name": "Galt",
    "state": "California",
    "slug": "galt-california"
  },
  {
    "name": "Gonzales",
    "state": "California",
    "slug": "gonzales-california"
  },
  {
    "name": "Grand Terrace",
    "state": "California",
    "slug": "grand-terrace-california"
  },
  {
    "name": "Grass Valley",
    "state": "California",
    "slug": "grass-valley-california"
  },
  {
    "name": "Gridley",
    "state": "California",
    "slug": "gridley-california"
  },
  {
    "name": "Grover Beach",
    "state": "California",
    "slug": "grover-beach-california"
  },
  {
    "name": "Gustine",
    "state": "California",
    "slug": "gustine-california"
  },
  {
    "name": "Half Moon Bay",
    "state": "California",
    "slug": "half-moon-bay-california"
  },
  {
    "name": "Healdsburg",
    "state": "California",
    "slug": "healdsburg-california"
  },
  {
    "name": "Hermosa Beach",
    "state": "California",
    "slug": "hermosa-beach-california"
  },
  {
    "name": "Hidden Hills",
    "state": "California",
    "slug": "hidden-hills-california"
  },
  {
    "name": "Highland",
    "state": "California",
    "slug": "highland-california"
  },
  {
    "name": "Hillsborough",
    "state": "California",
    "slug": "hillsborough-california"
  },
  {
    "name": "Hollister",
    "state": "California",
    "slug": "hollister-california"
  },
  {
    "name": "Holtville",
    "state": "California",
    "slug": "holtville-california"
  },
  {
    "name": "Hughson",
    "state": "California",
    "slug": "hughson-california"
  },
  {
    "name": "Huron",
    "state": "California",
    "slug": "huron-california"
  },
  {
    "name": "Imperial",
    "state": "California",
    "slug": "imperial-california"
  },
  {
    "name": "Indian Wells",
    "state": "California",
    "slug": "indian-wells-california"
  },
  {
    "name": "Industry",
    "state": "California",
    "slug": "industry-california"
  },
  {
    "name": "Ione",
    "state": "California",
    "slug": "ione-california"
  },
  {
    "name": "Irwindale",
    "state": "California",
    "slug": "irwindale-california"
  },
  {
    "name": "Isleton",
    "state": "California",
    "slug": "isleton-california"
  },
  {
    "name": "Jackson",
    "state": "California",
    "slug": "jackson-california"
  },
  {
    "name": "Kerman",
    "state": "California",
    "slug": "kerman-california"
  },
  {
    "name": "King City",
    "state": "California",
    "slug": "king-city-california"
  },
  {
    "name": "Kingsburg",
    "state": "California",
    "slug": "kingsburg-california"
  },
  {
    "name": "La Palma",
    "state": "California",
    "slug": "la-palma-california"
  },
  {
    "name": "La Verne",
    "state": "California",
    "slug": "la-verne-california"
  },
  {
    "name": "Lafayette",
    "state": "California",
    "slug": "lafayette-california"
  },
  {
    "name": "Laguna Woods",
    "state": "California",
    "slug": "laguna-woods-california"
  },
  {
    "name": "Lake Forest",
    "state": "California",
    "slug": "lake-forest-california"
  },
  {
    "name": "Lakeport",
    "state": "California",
    "slug": "lakeport-california"
  },
  {
    "name": "Lathrop",
    "state": "California",
    "slug": "lathrop-california"
  },
  {
    "name": "Lawndale",
    "state": "California",
    "slug": "lawndale-california"
  },
  {
    "name": "Lemoore",
    "state": "California",
    "slug": "lemoore-california"
  },
  {
    "name": "Lincoln",
    "state": "California",
    "slug": "lincoln-california"
  },
  {
    "name": "Lindsay",
    "state": "California",
    "slug": "lindsay-california"
  },
  {
    "name": "Live Oak",
    "state": "California",
    "slug": "live-oak-california"
  },
  {
    "name": "Livermore",
    "state": "California",
    "slug": "livermore-california"
  },
  {
    "name": "Livingston",
    "state": "California",
    "slug": "livingston-california"
  },
  {
    "name": "Lompoc",
    "state": "California",
    "slug": "lompoc-california"
  },
  {
    "name": "Los Alamitos",
    "state": "California",
    "slug": "los-alamitos-california"
  },
  {
    "name": "Los Altos",
    "state": "California",
    "slug": "los-altos-california"
  },
  {
    "name": "Los Altos Hills",
    "state": "California",
    "slug": "los-altos-hills-california"
  },
  {
    "name": "Los Banos",
    "state": "California",
    "slug": "los-banos-california"
  },
  {
    "name": "Loyalton",
    "state": "California",
    "slug": "loyalton-california"
  },
  {
    "name": "Malibu",
    "state": "California",
    "slug": "malibu-california"
  },
  {
    "name": "Mammoth Lakes",
    "state": "California",
    "slug": "mammoth-lakes-california"
  },
  {
    "name": "Manteca",
    "state": "California",
    "slug": "manteca-california"
  },
  {
    "name": "Maricopa",
    "state": "California",
    "slug": "maricopa-california"
  },
  {
    "name": "Marina",
    "state": "California",
    "slug": "marina-california"
  },
  {
    "name": "Martinez",
    "state": "California",
    "slug": "martinez-california"
  },
  {
    "name": "Marysville",
    "state": "California",
    "slug": "marysville-california"
  },
  {
    "name": "Maywood",
    "state": "California",
    "slug": "maywood-california"
  },
  {
    "name": "McFarland",
    "state": "California",
    "slug": "mcfarland-california"
  },
  {
    "name": "Menlo Park",
    "state": "California",
    "slug": "menlo-park-california"
  },
  {
    "name": "Merced",
    "state": "California",
    "slug": "merced-california"
  },
  {
    "name": "Milpitas",
    "state": "California",
    "slug": "milpitas-california"
  },
  {
    "name": "Montague",
    "state": "California",
    "slug": "montague-california"
  },
  {
    "name": "Monte Sereno",
    "state": "California",
    "slug": "monte-sereno-california"
  },
  {
    "name": "Montebello",
    "state": "California",
    "slug": "montebello-california"
  },
  {
    "name": "Monterey",
    "state": "California",
    "slug": "monterey-california"
  },
  {
    "name": "Moorpark",
    "state": "California",
    "slug": "moorpark-california"
  },
  {
    "name": "Moraga",
    "state": "California",
    "slug": "moraga-california"
  },
  {
    "name": "Morro Bay",
    "state": "California",
    "slug": "morro-bay-california"
  },
  {
    "name": "Mount Shasta",
    "state": "California",
    "slug": "mount-shasta-california"
  },
  {
    "name": "Needles",
    "state": "California",
    "slug": "needles-california"
  },
  {
    "name": "Nevada City",
    "state": "California",
    "slug": "nevada-city-california"
  },
  {
    "name": "Newman",
    "state": "California",
    "slug": "newman-california"
  },
  {
    "name": "Norco",
    "state": "California",
    "slug": "norco-california"
  },
  {
    "name": "Novato",
    "state": "California",
    "slug": "novato-california"
  },
  {
    "name": "Oakley",
    "state": "California",
    "slug": "oakley-california"
  },
  {
    "name": "Ojai",
    "state": "California",
    "slug": "ojai-california"
  },
  {
    "name": "Orange Cove",
    "state": "California",
    "slug": "orange-cove-california"
  },
  {
    "name": "Orinda",
    "state": "California",
    "slug": "orinda-california"
  },
  {
    "name": "Orland",
    "state": "California",
    "slug": "orland-california"
  },
  {
    "name": "Oroville",
    "state": "California",
    "slug": "oroville-california"
  },
  {
    "name": "Pacific Grove",
    "state": "California",
    "slug": "pacific-grove-california"
  },
  {
    "name": "Palos Verdes Estates",
    "state": "California",
    "slug": "palos-verdes-estates-california"
  },
  {
    "name": "Paradise",
    "state": "California",
    "slug": "paradise-california"
  },
  {
    "name": "Parlier",
    "state": "California",
    "slug": "parlier-california"
  },
  {
    "name": "Paso Robles",
    "state": "California",
    "slug": "paso-robles-california"
  },
  {
    "name": "Patterson",
    "state": "California",
    "slug": "patterson-california"
  },
  {
    "name": "Perris",
    "state": "California",
    "slug": "perris-california"
  },
  {
    "name": "Piedmont",
    "state": "California",
    "slug": "piedmont-california"
  },
  {
    "name": "Pinole",
    "state": "California",
    "slug": "pinole-california"
  },
  {
    "name": "Pismo Beach",
    "state": "California",
    "slug": "pismo-beach-california"
  },
  {
    "name": "Placerville",
    "state": "California",
    "slug": "placerville-california"
  },
  {
    "name": "Pleasant Hill",
    "state": "California",
    "slug": "pleasant-hill-california"
  },
  {
    "name": "Plymouth",
    "state": "California",
    "slug": "plymouth-california"
  },
  {
    "name": "Point Arena",
    "state": "California",
    "slug": "point-arena-california"
  },
  {
    "name": "Port Hueneme",
    "state": "California",
    "slug": "port-hueneme-california"
  },
  {
    "name": "Porterville",
    "state": "California",
    "slug": "porterville-california"
  },
  {
    "name": "Portola",
    "state": "California",
    "slug": "portola-california"
  },
  {
    "name": "Portola Valley",
    "state": "California",
    "slug": "portola-valley-california"
  },
  {
    "name": "Rancho Cordova",
    "state": "California",
    "slug": "rancho-cordova-california"
  },
  {
    "name": "Rancho Mirage",
    "state": "California",
    "slug": "rancho-mirage-california"
  },
  {
    "name": "Rancho Santa Margarita",
    "state": "California",
    "slug": "rancho-santa-margarita-california"
  },
  {
    "name": "Red Bluff",
    "state": "California",
    "slug": "red-bluff-california"
  },
  {
    "name": "Redlands",
    "state": "California",
    "slug": "redlands-california"
  },
  {
    "name": "Rio Dell",
    "state": "California",
    "slug": "rio-dell-california"
  },
  {
    "name": "Ripon",
    "state": "California",
    "slug": "ripon-california"
  },
  {
    "name": "Riverbank",
    "state": "California",
    "slug": "riverbank-california"
  },
  {
    "name": "Rocklin",
    "state": "California",
    "slug": "rocklin-california"
  },
  {
    "name": "Rolling Hills",
    "state": "California",
    "slug": "rolling-hills-california"
  },
  {
    "name": "Rolling Hills Estates",
    "state": "California",
    "slug": "rolling-hills-estates-california"
  },
  {
    "name": "Ross",
    "state": "California",
    "slug": "ross-california"
  },
  {
    "name": "San Anselmo",
    "state": "California",
    "slug": "san-anselmo-california"
  },
  {
    "name": "San Clemente",
    "state": "California",
    "slug": "san-clemente-california"
  },
  {
    "name": "San Dimas",
    "state": "California",
    "slug": "san-dimas-california"
  },
  {
    "name": "San Joaquin",
    "state": "California",
    "slug": "san-joaquin-california"
  },
  {
    "name": "San Juan Bautista",
    "state": "California",
    "slug": "san-juan-bautista-california"
  },
  {
    "name": "San Juan Capistrano",
    "state": "California",
    "slug": "san-juan-capistrano-california"
  },
  {
    "name": "San Marcos",
    "state": "California",
    "slug": "san-marcos-california"
  },
  {
    "name": "San Marino",
    "state": "California",
    "slug": "san-marino-california"
  },
  {
    "name": "Santa Fe Springs",
    "state": "California",
    "slug": "santa-fe-springs-california"
  },
  {
    "name": "Santee",
    "state": "California",
    "slug": "santee-california"
  },
  {
    "name": "Sausalito",
    "state": "California",
    "slug": "sausalito-california"
  },
  {
    "name": "Scotts Valley",
    "state": "California",
    "slug": "scotts-valley-california"
  },
  {
    "name": "Sears Point",
    "state": "California",
    "slug": "sears-point-california"
  },
  {
    "name": "Sebastopol",
    "state": "California",
    "slug": "sebastopol-california"
  },
  {
    "name": "Shafter",
    "state": "California",
    "slug": "shafter-california"
  },
  {
    "name": "Shasta Lake",
    "state": "California",
    "slug": "shasta-lake-california"
  },
  {
    "name": "Sierra Madre",
    "state": "California",
    "slug": "sierra-madre-california"
  },
  {
    "name": "Solvang",
    "state": "California",
    "slug": "solvang-california"
  },
  {
    "name": "Sonora",
    "state": "California",
    "slug": "sonora-california"
  },
  {
    "name": "South Lake Tahoe",
    "state": "California",
    "slug": "south-lake-tahoe-california"
  },
  {
    "name": "St. Helena",
    "state": "California",
    "slug": "st-helena-california"
  },
  {
    "name": "Stanton",
    "state": "California",
    "slug": "stanton-california"
  },
  {
    "name": "Susanville",
    "state": "California",
    "slug": "susanville-california"
  },
  {
    "name": "Sutter Creek",
    "state": "California",
    "slug": "sutter-creek-california"
  },
  {
    "name": "Taft",
    "state": "California",
    "slug": "taft-california"
  },
  {
    "name": "Tehachapi",
    "state": "California",
    "slug": "tehachapi-california"
  },
  {
    "name": "Tehama",
    "state": "California",
    "slug": "tehama-california"
  },
  {
    "name": "Trinidad",
    "state": "California",
    "slug": "trinidad-california"
  },
  {
    "name": "Truckee",
    "state": "California",
    "slug": "truckee-california"
  },
  {
    "name": "Tulelake",
    "state": "California",
    "slug": "tulelake-california"
  },
  {
    "name": "Twentynine Palms",
    "state": "California",
    "slug": "twentynine-palms-california"
  },
  {
    "name": "Vernon",
    "state": "California",
    "slug": "vernon-california"
  },
  {
    "name": "Villa Park",
    "state": "California",
    "slug": "villa-park-california"
  },
  {
    "name": "Waterford",
    "state": "California",
    "slug": "waterford-california"
  },
  {
    "name": "Weed",
    "state": "California",
    "slug": "weed-california"
  },
  {
    "name": "West Sacramento",
    "state": "California",
    "slug": "west-sacramento-california"
  },
  {
    "name": "Westlake Village",
    "state": "California",
    "slug": "westlake-village-california"
  },
  {
    "name": "Westmorland",
    "state": "California",
    "slug": "westmorland-california"
  },
  {
    "name": "Wildomar",
    "state": "California",
    "slug": "wildomar-california"
  },
  {
    "name": "Williams",
    "state": "California",
    "slug": "williams-california"
  },
  {
    "name": "Willits",
    "state": "California",
    "slug": "willits-california"
  },
  {
    "name": "Winters",
    "state": "California",
    "slug": "winters-california"
  },
  {
    "name": "Woodlake",
    "state": "California",
    "slug": "woodlake-california"
  },
  {
    "name": "Woodside",
    "state": "California",
    "slug": "woodside-california"
  },
  {
    "name": "Yountville",
    "state": "California",
    "slug": "yountville-california"
  },
  {
    "name": "Yreka",
    "state": "California",
    "slug": "yreka-california"
  },
  {
    "name": "Addison",
    "state": "Texas",
    "slug": "addison-texas"
  },
  {
    "name": "Alamo",
    "state": "Texas",
    "slug": "alamo-texas"
  },
  {
    "name": "Alamo Heights",
    "state": "Texas",
    "slug": "alamo-heights-texas"
  },
  {
    "name": "Albany",
    "state": "Texas",
    "slug": "albany-texas"
  },
  {
    "name": "Alice",
    "state": "Texas",
    "slug": "alice-texas"
  },
  {
    "name": "Alpine",
    "state": "Texas",
    "slug": "alpine-texas"
  },
  {
    "name": "Alton",
    "state": "Texas",
    "slug": "alton-texas"
  },
  {
    "name": "Alvin",
    "state": "Texas",
    "slug": "alvin-texas"
  },
  {
    "name": "Andrews",
    "state": "Texas",
    "slug": "andrews-texas"
  },
  {
    "name": "Angleton",
    "state": "Texas",
    "slug": "angleton-texas"
  },
  {
    "name": "Anna",
    "state": "Texas",
    "slug": "anna-texas"
  },
  {
    "name": "Anson",
    "state": "Texas",
    "slug": "anson-texas"
  },
  {
    "name": "Anthony",
    "state": "Texas",
    "slug": "anthony-texas"
  },
  {
    "name": "Aransas Pass",
    "state": "Texas",
    "slug": "aransas-pass-texas"
  },
  {
    "name": "Archer City",
    "state": "Texas",
    "slug": "archer-city-texas"
  },
  {
    "name": "Argyle",
    "state": "Texas",
    "slug": "argyle-texas"
  },
  {
    "name": "Aspermont",
    "state": "Texas",
    "slug": "aspermont-texas"
  },
  {
    "name": "Athens",
    "state": "Texas",
    "slug": "athens-texas"
  },
  {
    "name": "Atlanta",
    "state": "Texas",
    "slug": "atlanta-texas"
  },
  {
    "name": "Aubrey",
    "state": "Texas",
    "slug": "aubrey-texas"
  },
  {
    "name": "Azle",
    "state": "Texas",
    "slug": "azle-texas"
  },
  {
    "name": "Baird",
    "state": "Texas",
    "slug": "baird-texas"
  },
  {
    "name": "Balch Springs",
    "state": "Texas",
    "slug": "balch-springs-texas"
  },
  {
    "name": "Ballinger",
    "state": "Texas",
    "slug": "ballinger-texas"
  },
  {
    "name": "Bandera",
    "state": "Texas",
    "slug": "bandera-texas"
  },
  {
    "name": "Bardwell",
    "state": "Texas",
    "slug": "bardwell-texas"
  },
  {
    "name": "Barstow",
    "state": "Texas",
    "slug": "barstow-texas"
  },
  {
    "name": "Bartlett",
    "state": "Texas",
    "slug": "bartlett-texas"
  },
  {
    "name": "Bastrop",
    "state": "Texas",
    "slug": "bastrop-texas"
  },
  {
    "name": "Bay City",
    "state": "Texas",
    "slug": "bay-city-texas"
  },
  {
    "name": "Beeville",
    "state": "Texas",
    "slug": "beeville-texas"
  },
  {
    "name": "Bellmead",
    "state": "Texas",
    "slug": "bellmead-texas"
  },
  {
    "name": "Bells",
    "state": "Texas",
    "slug": "bells-texas"
  },
  {
    "name": "Bellville",
    "state": "Texas",
    "slug": "bellville-texas"
  },
  {
    "name": "Belton",
    "state": "Texas",
    "slug": "belton-texas"
  },
  {
    "name": "Benbrook",
    "state": "Texas",
    "slug": "benbrook-texas"
  },
  {
    "name": "Big Lake",
    "state": "Texas",
    "slug": "big-lake-texas"
  },
  {
    "name": "Big Spring",
    "state": "Texas",
    "slug": "big-spring-texas"
  },
  {
    "name": "Bishop",
    "state": "Texas",
    "slug": "bishop-texas"
  },
  {
    "name": "Blanco",
    "state": "Texas",
    "slug": "blanco-texas"
  },
  {
    "name": "Bloomington",
    "state": "Texas",
    "slug": "bloomington-texas"
  },
  {
    "name": "Blossom",
    "state": "Texas",
    "slug": "blossom-texas"
  },
  {
    "name": "Boerne",
    "state": "Texas",
    "slug": "boerne-texas"
  },
  {
    "name": "Bogata",
    "state": "Texas",
    "slug": "bogata-texas"
  },
  {
    "name": "Bonham",
    "state": "Texas",
    "slug": "bonham-texas"
  },
  {
    "name": "Borger",
    "state": "Texas",
    "slug": "borger-texas"
  },
  {
    "name": "Bovina",
    "state": "Texas",
    "slug": "bovina-texas"
  },
  {
    "name": "Bowie",
    "state": "Texas",
    "slug": "bowie-texas"
  },
  {
    "name": "Boyd",
    "state": "Texas",
    "slug": "boyd-texas"
  },
  {
    "name": "Brackettville",
    "state": "Texas",
    "slug": "brackettville-texas"
  },
  {
    "name": "Brady",
    "state": "Texas",
    "slug": "brady-texas"
  },
  {
    "name": "Breckenridge",
    "state": "Texas",
    "slug": "breckenridge-texas"
  },
  {
    "name": "Brenham",
    "state": "Texas",
    "slug": "brenham-texas"
  },
  {
    "name": "Bridge City",
    "state": "Texas",
    "slug": "bridge-city-texas"
  },
  {
    "name": "Bridgeport",
    "state": "Texas",
    "slug": "bridgeport-texas"
  },
  {
    "name": "Broaddus",
    "state": "Texas",
    "slug": "broaddus-texas"
  },
  {
    "name": "Bronte",
    "state": "Texas",
    "slug": "bronte-texas"
  },
  {
    "name": "Brookshire",
    "state": "Texas",
    "slug": "brookshire-texas"
  },
  {
    "name": "Brownfield",
    "state": "Texas",
    "slug": "brownfield-texas"
  },
  {
    "name": "Brownwood",
    "state": "Texas",
    "slug": "brownwood-texas"
  },
  {
    "name": "Buda",
    "state": "Texas",
    "slug": "buda-texas"
  },
  {
    "name": "Buffalo",
    "state": "Texas",
    "slug": "buffalo-texas"
  },
  {
    "name": "Bullard",
    "state": "Texas",
    "slug": "bullard-texas"
  },
  {
    "name": "Burkburnett",
    "state": "Texas",
    "slug": "burkburnett-texas"
  },
  {
    "name": "Burnet",
    "state": "Texas",
    "slug": "burnet-texas"
  },
  {
    "name": "Caldwell",
    "state": "Texas",
    "slug": "caldwell-texas"
  },
  {
    "name": "Calvert",
    "state": "Texas",
    "slug": "calvert-texas"
  },
  {
    "name": "Cameron",
    "state": "Texas",
    "slug": "cameron-texas"
  },
  {
    "name": "Canadian",
    "state": "Texas",
    "slug": "canadian-texas"
  },
  {
    "name": "Canton",
    "state": "Texas",
    "slug": "canton-texas"
  },
  {
    "name": "Canyon",
    "state": "Texas",
    "slug": "canyon-texas"
  },
  {
    "name": "Carrizo Springs",
    "state": "Texas",
    "slug": "carrizo-springs-texas"
  },
  {
    "name": "Carthage",
    "state": "Texas",
    "slug": "carthage-texas"
  },
  {
    "name": "Castroville",
    "state": "Texas",
    "slug": "castroville-texas"
  },
  {
    "name": "Celina",
    "state": "Texas",
    "slug": "celina-texas"
  },
  {
    "name": "Center",
    "state": "Texas",
    "slug": "center-texas"
  },
  {
    "name": "Centerville",
    "state": "Texas",
    "slug": "centerville-texas"
  },
  {
    "name": "Chandler",
    "state": "Texas",
    "slug": "chandler-texas"
  },
  {
    "name": "Childress",
    "state": "Texas",
    "slug": "childress-texas"
  },
  {
    "name": "Chillicothe",
    "state": "Texas",
    "slug": "chillicothe-texas"
  },
  {
    "name": "Cisco",
    "state": "Texas",
    "slug": "cisco-texas"
  },
  {
    "name": "Clarksville",
    "state": "Texas",
    "slug": "clarksville-texas"
  },
  {
    "name": "Claude",
    "state": "Texas",
    "slug": "claude-texas"
  },
  {
    "name": "Cleveland",
    "state": "Texas",
    "slug": "cleveland-texas"
  },
  {
    "name": "Clifton",
    "state": "Texas",
    "slug": "clifton-texas"
  },
  {
    "name": "Clute",
    "state": "Texas",
    "slug": "clute-texas"
  },
  {
    "name": "Clyde",
    "state": "Texas",
    "slug": "clyde-texas"
  },
  {
    "name": "Coleman",
    "state": "Texas",
    "slug": "coleman-texas"
  },
  {
    "name": "Colleyville",
    "state": "Texas",
    "slug": "colleyville-texas"
  },
  {
    "name": "Colorado City",
    "state": "Texas",
    "slug": "colorado-city-texas"
  },
  {
    "name": "Columbus",
    "state": "Texas",
    "slug": "columbus-texas"
  },
  {
    "name": "Comanche",
    "state": "Texas",
    "slug": "comanche-texas"
  },
  {
    "name": "Comfort",
    "state": "Texas",
    "slug": "comfort-texas"
  },
  {
    "name": "Commerce",
    "state": "Texas",
    "slug": "commerce-texas"
  },
  {
    "name": "Converse",
    "state": "Texas",
    "slug": "converse-texas"
  },
  {
    "name": "Copperas Cove",
    "state": "Texas",
    "slug": "copperas-cove-texas"
  },
  {
    "name": "Cotulla",
    "state": "Texas",
    "slug": "cotulla-texas"
  },
  {
    "name": "Crane",
    "state": "Texas",
    "slug": "crane-texas"
  },
  {
    "name": "Crockett",
    "state": "Texas",
    "slug": "crockett-texas"
  },
  {
    "name": "Crosbyton",
    "state": "Texas",
    "slug": "crosbyton-texas"
  },
  {
    "name": "Cross Plains",
    "state": "Texas",
    "slug": "cross-plains-texas"
  },
  {
    "name": "Crowley",
    "state": "Texas",
    "slug": "crowley-texas"
  },
  {
    "name": "Crystal City",
    "state": "Texas",
    "slug": "crystal-city-texas"
  },
  {
    "name": "Cuero",
    "state": "Texas",
    "slug": "cuero-texas"
  },
  {
    "name": "Daingerfield",
    "state": "Texas",
    "slug": "daingerfield-texas"
  },
  {
    "name": "Dalhart",
    "state": "Texas",
    "slug": "dalhart-texas"
  },
  {
    "name": "Dalworthington Gardens",
    "state": "Texas",
    "slug": "dalworthington-gardens-texas"
  },
  {
    "name": "Danbury",
    "state": "Texas",
    "slug": "danbury-texas"
  },
  {
    "name": "Dayton",
    "state": "Texas",
    "slug": "dayton-texas"
  },
  {
    "name": "De Kalb",
    "state": "Texas",
    "slug": "de-kalb-texas"
  },
  {
    "name": "De Leon",
    "state": "Texas",
    "slug": "de-leon-texas"
  },
  {
    "name": "De Soto",
    "state": "Texas",
    "slug": "de-soto-texas"
  },
  {
    "name": "Decatur",
    "state": "Texas",
    "slug": "decatur-texas"
  },
  {
    "name": "Deer Park",
    "state": "Texas",
    "slug": "deer-park-texas"
  },
  {
    "name": "Del Rio",
    "state": "Texas",
    "slug": "del-rio-texas"
  },
  {
    "name": "Denison",
    "state": "Texas",
    "slug": "denison-texas"
  },
  {
    "name": "Denver City",
    "state": "Texas",
    "slug": "denver-city-texas"
  },
  {
    "name": "Devine",
    "state": "Texas",
    "slug": "devine-texas"
  },
  {
    "name": "Diboll",
    "state": "Texas",
    "slug": "diboll-texas"
  },
  {
    "name": "Dickinson",
    "state": "Texas",
    "slug": "dickinson-texas"
  },
  {
    "name": "Dimmitt",
    "state": "Texas",
    "slug": "dimmitt-texas"
  },
  {
    "name": "Donna",
    "state": "Texas",
    "slug": "donna-texas"
  },
  {
    "name": "Dripping Springs",
    "state": "Texas",
    "slug": "dripping-springs-texas"
  },
  {
    "name": "Dumas",
    "state": "Texas",
    "slug": "dumas-texas"
  },
  {
    "name": "Eagle Lake",
    "state": "Texas",
    "slug": "eagle-lake-texas"
  },
  {
    "name": "Eagle Pass",
    "state": "Texas",
    "slug": "eagle-pass-texas"
  },
  {
    "name": "Early",
    "state": "Texas",
    "slug": "early-texas"
  },
  {
    "name": "Eastland",
    "state": "Texas",
    "slug": "eastland-texas"
  },
  {
    "name": "Eden",
    "state": "Texas",
    "slug": "eden-texas"
  },
  {
    "name": "Edna",
    "state": "Texas",
    "slug": "edna-texas"
  },
  {
    "name": "El Campo",
    "state": "Texas",
    "slug": "el-campo-texas"
  },
  {
    "name": "Eldorado",
    "state": "Texas",
    "slug": "eldorado-texas"
  },
  {
    "name": "Electra",
    "state": "Texas",
    "slug": "electra-texas"
  },
  {
    "name": "Elgin",
    "state": "Texas",
    "slug": "elgin-texas"
  },
  {
    "name": "Elsa",
    "state": "Texas",
    "slug": "elsa-texas"
  },
  {
    "name": "Emory",
    "state": "Texas",
    "slug": "emory-texas"
  },
  {
    "name": "Ennis",
    "state": "Texas",
    "slug": "ennis-texas"
  },
  {
    "name": "Eustace",
    "state": "Texas",
    "slug": "eustace-texas"
  },
  {
    "name": "Everman",
    "state": "Texas",
    "slug": "everman-texas"
  },
  {
    "name": "Fairfield",
    "state": "Texas",
    "slug": "fairfield-texas"
  },
  {
    "name": "Falfurrias",
    "state": "Texas",
    "slug": "falfurrias-texas"
  },
  {
    "name": "Falls City",
    "state": "Texas",
    "slug": "falls-city-texas"
  },
  {
    "name": "Farmersville",
    "state": "Texas",
    "slug": "farmersville-texas"
  },
  {
    "name": "Farwell",
    "state": "Texas",
    "slug": "farwell-texas"
  },
  {
    "name": "Ferris",
    "state": "Texas",
    "slug": "ferris-texas"
  },
  {
    "name": "Flatonia",
    "state": "Texas",
    "slug": "flatonia-texas"
  },
  {
    "name": "Floresville",
    "state": "Texas",
    "slug": "floresville-texas"
  },
  {
    "name": "Floydada",
    "state": "Texas",
    "slug": "floydada-texas"
  },
  {
    "name": "Forney",
    "state": "Texas",
    "slug": "forney-texas"
  },
  {
    "name": "Fort Stockton",
    "state": "Texas",
    "slug": "fort-stockton-texas"
  },
  {
    "name": "Franklin",
    "state": "Texas",
    "slug": "franklin-texas"
  },
  {
    "name": "Fredericksburg",
    "state": "Texas",
    "slug": "fredericksburg-texas"
  },
  {
    "name": "Freeport",
    "state": "Texas",
    "slug": "freeport-texas"
  },
  {
    "name": "Freer",
    "state": "Texas",
    "slug": "freer-texas"
  },
  {
    "name": "Friona",
    "state": "Texas",
    "slug": "friona-texas"
  },
  {
    "name": "Fritch",
    "state": "Texas",
    "slug": "fritch-texas"
  },
  {
    "name": "Gainesville",
    "state": "Texas",
    "slug": "gainesville-texas"
  },
  {
    "name": "Galena Park",
    "state": "Texas",
    "slug": "galena-park-texas"
  },
  {
    "name": "Garrison",
    "state": "Texas",
    "slug": "garrison-texas"
  },
  {
    "name": "Gatesville",
    "state": "Texas",
    "slug": "gatesville-texas"
  },
  {
    "name": "George West",
    "state": "Texas",
    "slug": "george-west-texas"
  },
  {
    "name": "Giddings",
    "state": "Texas",
    "slug": "giddings-texas"
  },
  {
    "name": "Gilmer",
    "state": "Texas",
    "slug": "gilmer-texas"
  },
  {
    "name": "Gladewater",
    "state": "Texas",
    "slug": "gladewater-texas"
  },
  {
    "name": "Glen Rose",
    "state": "Texas",
    "slug": "glen-rose-texas"
  },
  {
    "name": "Godley",
    "state": "Texas",
    "slug": "godley-texas"
  },
  {
    "name": "Goldthwaite",
    "state": "Texas",
    "slug": "goldthwaite-texas"
  },
  {
    "name": "Goliad",
    "state": "Texas",
    "slug": "goliad-texas"
  },
  {
    "name": "Gonzales",
    "state": "Texas",
    "slug": "gonzales-texas"
  },
  {
    "name": "Gorman",
    "state": "Texas",
    "slug": "gorman-texas"
  },
  {
    "name": "Graham",
    "state": "Texas",
    "slug": "graham-texas"
  },
  {
    "name": "Granbury",
    "state": "Texas",
    "slug": "granbury-texas"
  },
  {
    "name": "Grand Saline",
    "state": "Texas",
    "slug": "grand-saline-texas"
  },
  {
    "name": "Gregory",
    "state": "Texas",
    "slug": "gregory-texas"
  },
  {
    "name": "Groesbeck",
    "state": "Texas",
    "slug": "groesbeck-texas"
  },
  {
    "name": "Groveton",
    "state": "Texas",
    "slug": "groveton-texas"
  },
  {
    "name": "Gruver",
    "state": "Texas",
    "slug": "gruver-texas"
  },
  {
    "name": "Gun Barrel City",
    "state": "Texas",
    "slug": "gun-barrel-city-texas"
  },
  {
    "name": "Hallettsville",
    "state": "Texas",
    "slug": "hallettsville-texas"
  },
  {
    "name": "Hallsville",
    "state": "Texas",
    "slug": "hallsville-texas"
  },
  {
    "name": "Hamilton",
    "state": "Texas",
    "slug": "hamilton-texas"
  },
  {
    "name": "Hamlin",
    "state": "Texas",
    "slug": "hamlin-texas"
  },
  {
    "name": "Harker Heights",
    "state": "Texas",
    "slug": "harker-heights-texas"
  },
  {
    "name": "Hart",
    "state": "Texas",
    "slug": "hart-texas"
  },
  {
    "name": "Haskell",
    "state": "Texas",
    "slug": "haskell-texas"
  },
  {
    "name": "Hawkins",
    "state": "Texas",
    "slug": "hawkins-texas"
  },
  {
    "name": "Hearne",
    "state": "Texas",
    "slug": "hearne-texas"
  },
  {
    "name": "Heath",
    "state": "Texas",
    "slug": "heath-texas"
  },
  {
    "name": "Hedwig Village",
    "state": "Texas",
    "slug": "hedwig-village-texas"
  },
  {
    "name": "Hempstead",
    "state": "Texas",
    "slug": "hempstead-texas"
  },
  {
    "name": "Henrietta",
    "state": "Texas",
    "slug": "henrietta-texas"
  },
  {
    "name": "Hereford",
    "state": "Texas",
    "slug": "hereford-texas"
  },
  {
    "name": "Hico",
    "state": "Texas",
    "slug": "hico-texas"
  },
  {
    "name": "Higgins",
    "state": "Texas",
    "slug": "higgins-texas"
  },
  {
    "name": "Highland Park",
    "state": "Texas",
    "slug": "highland-park-texas"
  },
  {
    "name": "Hitchcock",
    "state": "Texas",
    "slug": "hitchcock-texas"
  },
  {
    "name": "Hondo",
    "state": "Texas",
    "slug": "hondo-texas"
  },
  {
    "name": "Honey Grove",
    "state": "Texas",
    "slug": "honey-grove-texas"
  },
  {
    "name": "Hooks",
    "state": "Texas",
    "slug": "hooks-texas"
  },
  {
    "name": "Howe",
    "state": "Texas",
    "slug": "howe-texas"
  },
  {
    "name": "Hubbard",
    "state": "Texas",
    "slug": "hubbard-texas"
  },
  {
    "name": "Hutchins",
    "state": "Texas",
    "slug": "hutchins-texas"
  },
  {
    "name": "Idalou",
    "state": "Texas",
    "slug": "idalou-texas"
  },
  {
    "name": "Ingleside",
    "state": "Texas",
    "slug": "ingleside-texas"
  },
  {
    "name": "Iowa Park",
    "state": "Texas",
    "slug": "iowa-park-texas"
  },
  {
    "name": "Italy",
    "state": "Texas",
    "slug": "italy-texas"
  },
  {
    "name": "Itasca",
    "state": "Texas",
    "slug": "itasca-texas"
  },
  {
    "name": "Jacksboro",
    "state": "Texas",
    "slug": "jacksboro-texas"
  },
  {
    "name": "Jasper",
    "state": "Texas",
    "slug": "jasper-texas"
  },
  {
    "name": "Jayton",
    "state": "Texas",
    "slug": "jayton-texas"
  },
  {
    "name": "Jefferson",
    "state": "Texas",
    "slug": "jefferson-texas"
  },
  {
    "name": "Jersey Village",
    "state": "Texas",
    "slug": "jersey-village-texas"
  },
  {
    "name": "Jewett",
    "state": "Texas",
    "slug": "jewett-texas"
  },
  {
    "name": "Johnson City",
    "state": "Texas",
    "slug": "johnson-city-texas"
  },
  {
    "name": "Jourdanton",
    "state": "Texas",
    "slug": "jourdanton-texas"
  },
  {
    "name": "Junction",
    "state": "Texas",
    "slug": "junction-texas"
  },
  {
    "name": "Juno",
    "state": "Texas",
    "slug": "juno-texas"
  },
  {
    "name": "Karnes City",
    "state": "Texas",
    "slug": "karnes-city-texas"
  },
  {
    "name": "Kaufman",
    "state": "Texas",
    "slug": "kaufman-texas"
  },
  {
    "name": "Keene",
    "state": "Texas",
    "slug": "keene-texas"
  },
  {
    "name": "Kemah",
    "state": "Texas",
    "slug": "kemah-texas"
  },
  {
    "name": "Kemp",
    "state": "Texas",
    "slug": "kemp-texas"
  },
  {
    "name": "Kenedy",
    "state": "Texas",
    "slug": "kenedy-texas"
  },
  {
    "name": "Kennedale",
    "state": "Texas",
    "slug": "kennedale-texas"
  },
  {
    "name": "Kermit",
    "state": "Texas",
    "slug": "kermit-texas"
  },
  {
    "name": "Kerrville",
    "state": "Texas",
    "slug": "kerrville-texas"
  },
  {
    "name": "Kilgore",
    "state": "Texas",
    "slug": "kilgore-texas"
  },
  {
    "name": "Kirby",
    "state": "Texas",
    "slug": "kirby-texas"
  },
  {
    "name": "Kirbyville",
    "state": "Texas",
    "slug": "kirbyville-texas"
  },
  {
    "name": "Knox City",
    "state": "Texas",
    "slug": "knox-city-texas"
  },
  {
    "name": "Kountze",
    "state": "Texas",
    "slug": "kountze-texas"
  },
  {
    "name": "La Feria",
    "state": "Texas",
    "slug": "la-feria-texas"
  },
  {
    "name": "La Grange",
    "state": "Texas",
    "slug": "la-grange-texas"
  },
  {
    "name": "La Marque",
    "state": "Texas",
    "slug": "la-marque-texas"
  },
  {
    "name": "La Porte",
    "state": "Texas",
    "slug": "la-porte-texas"
  },
  {
    "name": "Lacy-Lakeview",
    "state": "Texas",
    "slug": "lacy-lakeview-texas"
  },
  {
    "name": "Lago Vista",
    "state": "Texas",
    "slug": "lago-vista-texas"
  },
  {
    "name": "Lake Dallas",
    "state": "Texas",
    "slug": "lake-dallas-texas"
  },
  {
    "name": "Lake Worth",
    "state": "Texas",
    "slug": "lake-worth-texas"
  },
  {
    "name": "Lamesa",
    "state": "Texas",
    "slug": "lamesa-texas"
  },
  {
    "name": "Lampasas",
    "state": "Texas",
    "slug": "lampasas-texas"
  },
  {
    "name": "Lancaster",
    "state": "Texas",
    "slug": "lancaster-texas"
  },
  {
    "name": "Leander",
    "state": "Texas",
    "slug": "leander-texas"
  },
  {
    "name": "Leonard",
    "state": "Texas",
    "slug": "leonard-texas"
  },
  {
    "name": "Levelland",
    "state": "Texas",
    "slug": "levelland-texas"
  },
  {
    "name": "Liberty",
    "state": "Texas",
    "slug": "liberty-texas"
  },
  {
    "name": "Liberty Hill",
    "state": "Texas",
    "slug": "liberty-hill-texas"
  },
  {
    "name": "Lindale",
    "state": "Texas",
    "slug": "lindale-texas"
  },
  {
    "name": "Linden",
    "state": "Texas",
    "slug": "linden-texas"
  },
  {
    "name": "Lindsay",
    "state": "Texas",
    "slug": "lindsay-texas"
  },
  {
    "name": "Littlefield",
    "state": "Texas",
    "slug": "littlefield-texas"
  },
  {
    "name": "Live Oak",
    "state": "Texas",
    "slug": "live-oak-texas"
  },
  {
    "name": "Livingston",
    "state": "Texas",
    "slug": "livingston-texas"
  },
  {
    "name": "Llano",
    "state": "Texas",
    "slug": "llano-texas"
  },
  {
    "name": "Lockhart",
    "state": "Texas",
    "slug": "lockhart-texas"
  },
  {
    "name": "Lockney",
    "state": "Texas",
    "slug": "lockney-texas"
  },
  {
    "name": "Lorena",
    "state": "Texas",
    "slug": "lorena-texas"
  },
  {
    "name": "Los Fresnos",
    "state": "Texas",
    "slug": "los-fresnos-texas"
  },
  {
    "name": "Luling",
    "state": "Texas",
    "slug": "luling-texas"
  },
  {
    "name": "Lumberton",
    "state": "Texas",
    "slug": "lumberton-texas"
  },
  {
    "name": "Lyford",
    "state": "Texas",
    "slug": "lyford-texas"
  },
  {
    "name": "Lytle",
    "state": "Texas",
    "slug": "lytle-texas"
  },
  {
    "name": "Madisonville",
    "state": "Texas",
    "slug": "madisonville-texas"
  },
  {
    "name": "Magnolia",
    "state": "Texas",
    "slug": "magnolia-texas"
  },
  {
    "name": "Malakoff",
    "state": "Texas",
    "slug": "malakoff-texas"
  },
  {
    "name": "Manor",
    "state": "Texas",
    "slug": "manor-texas"
  },
  {
    "name": "Marble Falls",
    "state": "Texas",
    "slug": "marble-falls-texas"
  },
  {
    "name": "Marfa",
    "state": "Texas",
    "slug": "marfa-texas"
  },
  {
    "name": "Marlin",
    "state": "Texas",
    "slug": "marlin-texas"
  },
  {
    "name": "Marshall",
    "state": "Texas",
    "slug": "marshall-texas"
  },
  {
    "name": "Mart",
    "state": "Texas",
    "slug": "mart-texas"
  },
  {
    "name": "Mason",
    "state": "Texas",
    "slug": "mason-texas"
  },
  {
    "name": "Matador",
    "state": "Texas",
    "slug": "matador-texas"
  },
  {
    "name": "Mathis",
    "state": "Texas",
    "slug": "mathis-texas"
  },
  {
    "name": "McGregor",
    "state": "Texas",
    "slug": "mcgregor-texas"
  },
  {
    "name": "McLean",
    "state": "Texas",
    "slug": "mclean-texas"
  },
  {
    "name": "Medina",
    "state": "Texas",
    "slug": "medina-texas"
  },
  {
    "name": "Memphis",
    "state": "Texas",
    "slug": "memphis-texas"
  },
  {
    "name": "Menard",
    "state": "Texas",
    "slug": "menard-texas"
  },
  {
    "name": "Mercedes",
    "state": "Texas",
    "slug": "mercedes-texas"
  },
  {
    "name": "Meridian",
    "state": "Texas",
    "slug": "meridian-texas"
  },
  {
    "name": "Mertzon",
    "state": "Texas",
    "slug": "mertzon-texas"
  },
  {
    "name": "Mexia",
    "state": "Texas",
    "slug": "mexia-texas"
  },
  {
    "name": "Midlothian",
    "state": "Texas",
    "slug": "midlothian-texas"
  },
  {
    "name": "Mila Doce",
    "state": "Texas",
    "slug": "mila-doce-texas"
  },
  {
    "name": "Mineola",
    "state": "Texas",
    "slug": "mineola-texas"
  },
  {
    "name": "Mineral Wells",
    "state": "Texas",
    "slug": "mineral-wells-texas"
  },
  {
    "name": "Monahans",
    "state": "Texas",
    "slug": "monahans-texas"
  },
  {
    "name": "Monroe City",
    "state": "Texas",
    "slug": "monroe-city-texas"
  },
  {
    "name": "Mont Belvieu",
    "state": "Texas",
    "slug": "mont-belvieu-texas"
  },
  {
    "name": "Montgomery",
    "state": "Texas",
    "slug": "montgomery-texas"
  },
  {
    "name": "Morton",
    "state": "Texas",
    "slug": "morton-texas"
  },
  {
    "name": "Mount Vernon",
    "state": "Texas",
    "slug": "mount-vernon-texas"
  },
  {
    "name": "Muenster",
    "state": "Texas",
    "slug": "muenster-texas"
  },
  {
    "name": "Muleshoe",
    "state": "Texas",
    "slug": "muleshoe-texas"
  },
  {
    "name": "Nederland",
    "state": "Texas",
    "slug": "nederland-texas"
  },
  {
    "name": "Needville",
    "state": "Texas",
    "slug": "needville-texas"
  },
  {
    "name": "New Boston",
    "state": "Texas",
    "slug": "new-boston-texas"
  },
  {
    "name": "New Caney",
    "state": "Texas",
    "slug": "new-caney-texas"
  },
  {
    "name": "New London",
    "state": "Texas",
    "slug": "new-london-texas"
  }
]